paper_id,pmid,title,authors,publication_year,paper_type,journal,europe_pmc_link,full_text_url,abstract,full_text_file
PMC11702083,39762745,Deep analysis of the major histocompatibility complex genetic associations using covariate analysis and haploblocks unravels new mechanisms for the molecular etiology of Elite Control in AIDS.,"Rahmouni M, Clerc SL, Spadoni JL, Labib T, Tison M, Medina-Santos R, Bensussan A, Tamouza R, Deleuze JF, Zagury JF.",2025,Research,BMC Immunology,https://europepmc.org/article/PMC/PMC11702083,,"Introduction We have reanalyzed the genomic data from the International Collaboration for the Genomics of HIV (ICGH), focusing on HIV-1 Elite Controllers (EC). Methods A genome-wide association study (GWAS) was performed, comparing 543 HIV-1 EC individuals with 3,272 uninfected controls (CTR) of European ancestry. 8 million single nucleotide polymorphisms (SNPs) and HLA class I and class II gene alleles were imputed to compare EC and CTR. Results Two thousand six hundred twenty-six SNPs were associated with EC ( p <5.10-8), all located within the Major Histocompatibility Complex (MHC) region. Stepwise regression analysis narrowed this list to 17 SNPs. In parallel, 22 HLA class I and II alleles were associated with EC. Through meticulous mapping of the LD between all identified signals and employing reciprocal covariate analyses, we delineated a final set of 6 independent SNPs and 3 HLA class I gene alleles that accounted for most of the associations observed with EC. Our study revealed the presence of cumulative haploblock effects (SNP rs9264942 contributing to the HLA-B*57:01 effect) and that several HLA allele associations were in fact caused by SNPs in linkage disequilibrium (LD). Upon investigating SNPs in LD with the selected 6 SNPs and 3 HLA class I alleles for their impact on protein function (either damaging or differential expression), we identified several compelling mechanisms potentially explaining EC among which: a multi-action mechanism of HLA-B*57:01 involving MICA mutations and MICB differential expression overcoming the HIV-1 blockade of NK cell response, and overexpression of ZBTB12 with a possible anti-HIV-1 effect through HERV-K interference; a deleterious mutation in PPP1R18 favoring viral budding associated with rs1233396. Conclusion Our results show that MHC influence on EC likely extends beyond traditional HLA class I or class II allele associations, encompassing other MHC SNPs with various biological impacts. They point to the key role of NK cells in preventing HIV-1 infection. Our analysis shows that HLA-B*57:01 is indeed associated with partially functional MICA/MICB proteins which could also explain this marker’s involvement in other diseases such as psoriasis. More broadly, our findings suggest that within any HLA class I and II association in diseases, there may exist distinct causal SNPs within this crucial, gene-rich, and LD-rich MHC region. Supplementary Information The online version contains supplementary material available at 10.1186/s12865-024-00680-6.",full_texts_100\PMC11702083.txt
PMC11854356,39998960,Natural Resistance to HIV Infection: Role of Immune Activation.,"Naranjo-Covo MM, Rincón-Tabares DS, Flórez-Álvarez L, Hernandez JC, Zapata-Builes W.",2025,Review,"Immunity, Inflammation and Disease",https://europepmc.org/article/PMC/PMC11854356,,"ABSTRACT Introduction Although repeated exposure to HIV‐1 can result in infection, some individuals remain seronegative without clinical or serologic evidence of infection; these individuals are known as HIV‐1‐exposed seronegative individuals. This population has been extensively studied to understand the mechanisms associated with natural resistance to HIV infection. Two main hypotheses have been proposed to explain this resistance: some researchers associated resistance with a low activation phenotype characterized by a decrease in the activation and proliferation of immune system cells linked with infection control and decreased production of cytokines and pro‐inflammatory molecules, whereas others suggest that resistance is related to immune system activation and the expression of high levels of chemokines, pro‐inflammatory cytokines and antiviral molecules. Aims Our study aims to review and analyze the most relevant evidence supporting the role of the activation level of the immune system during natural resistance to HIV‐1 infection. Methods A search was conducted via the PubMed, SciELO and ScienceDirect databases. The literature search was performed in a nonsystematic manner. Articles published in the last five decades addressing immune activation mechanisms in natural resistance to HIV were reviewed. Results A low‐activation phenotype, characterized by a high frequency of Treg cells; reduced expression of CD25, CD38, and HLA‐DR; and lower production of pro‐inflammatory cytokines in peripheral and mucosal tissues, plays a key role in reducing the number of activated cells susceptible to infection, but it minimizes chronic inflammation, facilitating viral entry and spread. In contrast, the activation phenotype is associated with high expression of markers such as CD25, CD38, and HLA‐DR, along with elevated high levels of interferon‐stimulated genes and pro‐inflammatory cytokines. This profile could promote infection control while increasing the number of virus‐susceptible cells. Conclusion The complexity of the immune response during HIV exposure, reflected in the conflicting evidence concerning whether low or high immune activation offers protection against infection, suggests that there may be multiple pathways to HIV‐1 resistance, influenced by factors such as the type of viral exposure, the immune environment, and individual genetics. Further research is needed to determine which immune states are protective and how these responses can be modulated to prevent infection.",full_texts_100\PMC11854356.txt
PMC11259285,38980912,Epistatic interaction between ERAP2 and HLA modulates HIV-1 adaptation and disease outcome in an Australian population.,"Al-Kaabi M, Deshpande P, Firth M, Pavlos R, Chopra A, Basiri H, Currenti J, Alves E, Kalams S, Fellay J, Phillips E, Mallal S, John M, Gaudieri S.",2024,Research,PLoS Pathogens,https://europepmc.org/article/PMC/PMC11259285,,"A strong genetic predictor of outcome following untreated HIV-1 infection is the carriage of specific alleles of human leukocyte antigens (HLAs) that present viral epitopes to T cells. Residual variation in outcome measures may be attributed, in part, to viral adaptation to HLA-restricted T cell responses. Variants of the endoplasmic reticulum aminopeptidases (ERAPs) influence the repertoire of T cell epitopes presented by HLA alleles as they trim pathogen-derived peptide precursors to optimal lengths for antigen presentation, along with other functions unrelated to antigen presentation. We investigated whether ERAP variants influence HLA-associated HIV-1 adaptation with demonstrable effects on overall HIV-1 disease outcome. Utilizing host and viral data of 249 West Australian individuals with HIV-1 subtype B infection, we identified a novel association between two linked ERAP2 single nucleotide polymorphisms (SNPs; rs2248374 and rs2549782) with plasma HIV RNA concentration (viral load) (P adjusted = 0.0024 for both SNPs). Greater HLA-associated HIV-1 adaptation in the HIV-1 Gag gene correlated significantly with higher viral load, lower CD4 + T cell count and proportion; P = 0.0103, P = 0.0061, P = 0.0061, respectively). When considered together, there was a significant interaction between the two ERAP2 SNPs and HLA-associated HIV-1 adaptation on viral load (P = 0.0111). In a comprehensive multivariate model, addition of ERAP2 haplotypes and HLA associated adaptation as an interaction term to known HLA and CCR5 determinants and demographic factors, increased the explanatory variance of population viral load from 17.67% to 45.1% in this dataset. These effects were not replicated in publicly available datasets with comparably sized cohorts, suggesting that any true global epistasis may be dependent on specific HLA-ERAP allelic combinations. Our data raises the possibility that ERAP2 variants may shape peptide repertoires presented to HLA class I-restricted T cells to modulate the degree of viral adaptation within individuals, in turn contributing to disease variability at the population level. Analyses of other populations and experimental studies, ideally with locally derived ERAP genotyping and HLA-specific viral adaptations are needed to elucidate this further.",full_texts_100\PMC11259285.txt
PMC11858022,40005688,Drug Resistance Mutations (DRMs) for Long-Acting Injectable Cabotegravir and Rilpivirine (CAB/RPV LAI) in the HIV-1 Subtype A6 Epidemic in Poland.,"Załęski A, Lembas A, Dyda T, Osińska J, Jabłońska J, Stempkowska-Rejek J, Orzechowska J, Wiercińska-Drapało A.",2025,Research,Microorganisms,https://europepmc.org/article/PMC/PMC11858022,,"HIV subtype A6 with the L74I polymorphism, which increases the risk of cabotegravir/rilpivirine treatment failure, causes more and more infections in Poland. In this multicenter, observational, cross-sectional study (2023–2024), we analyzed viral subtypes and drug-resistance mutations to drugs used for long-acting injectable antiretroviral treatment and pre-exposure prophylaxis. Among 357 people with HIV, 247 (69%) were Polish nationals, and 102 (29%) were from former Soviet Union countries. Of the 357 people included, 159 (45%) had subtype B, and 177 (50%) had subtype A6 infections, with 165 (87%) of the latter characterized by the L74I polymorphism. Subtype A6 was more frequent in women (66% vs. 46% in men, p < 0.05) and among people from former Soviet countries (77% vs. 39% in Polish nationals, p < 0.05). About 40% of people had either drug-resistance mutations for cabotegravir/rilpivirine or HIV A6 subtype with the L74I polymorphism; 4.5% had both of these conditions. Compared to subtype B infections, subtype A6 infections were characterized by more frequent major transmitted drug-resistance mutations for non-nucleoside reverse transcriptase inhibitors (8.5% vs. 1.9%, p = 0.007) and rilpivirine (5.1% vs. 0.6%, p = 0.016). Due to the frequent occurrence of the L74I polymorphism and drug-resistance mutations in HIV A6 subtype infection, about 40% of people with HIV in Poland may be at risk of long-acting injectable treatment failure.",full_texts_100\PMC11858022.txt
PMC11851513,40002395,PON-1 and PON-2 Polymorphisms and PON-1 Paraoxonase Activity in People Living with HIV-1.,"Reichert CO, Levy D, Maselli LMF, da Cunha J, Gualandro SFM, Bydlowski SP.",2025,Research,Antioxidants (Basel),https://europepmc.org/article/PMC/PMC11851513,,"Antiretroviral therapy (ART) has significantly improved the life expectancy of people living with HIV-1 (PLWH). However, prolonged ART use is linked to metabolic alterations and oxidative stress. The paraoxonase (PON) enzymes, especially PON-1 and PON-2, are critical in maintaining antioxidant balance. Their activity can be influenced by polymorphisms such as Q192R and L55M in PON-1 and A148G and S311C in PON-2. This study examines the impact of these polymorphisms on paraoxonase activity, lipid metabolism, and infection markers in PLWH under various ART regimens. This is a case-control study with 525 participants, 175 healthy controls (HC) and 350 PLWH divided into subgroups: T0 (ART-naïve, n = 48), T1 (ART with reverse transcriptase inhibitors, n = 159), and T2 (ART with protease inhibitors, n = 143). Paraoxonase activity was higher in PLWH (123.0; IQR: 62.0–168.0) compared to HC (91.0; IQR: 48.0–136.0, p < 0.001) but similar between HC and T0 ( p = 0.594). T1 (125.0; IQR: 65.5–166.0) and T2 (123.0; IQR: 61.0–182.0) showed higher activity than HC ( p = 0.002 and 0.003). Among 61 complete genotypes, 13 were unique to PLWH and 6 to HC ( p < 0.001). L55L was more frequent in HC (49.7% vs. 36.9% in PLWH), while M55M was higher in PLWH ( p = 0.004). The S311C genotype was more frequent in HC (39.2%) than PLWH (24.9%) ( p = 0.003). The L55L genotype conferred 59.9% protection against HIV-1 (OR: 0.401; 95% CI: 0.228–0.704), while the M allele increased susceptibility by ~69% (OR: 1.694; 95% CI: 1.173–2.446). The M55M genotype and/or M allele may be linked to HIV-1 susceptibility. Prolonged ART use elevates PON-1 activity in PLWH.",full_texts_100\PMC11851513.txt
PMC11436440,39331212,Polymorphisms in the genes encoding RLR and TLR3 and CMV DNAemia in subjects coinfected with human immunodeficiency virus and cytomegalovirus.,"Jabłońska A, Jabłonowska E, Studzińska M, Kamerys J, Paradowska E.",2024,Research,Archives of Virology,https://europepmc.org/article/PMC/PMC11436440,,"Cytomegalovirus (CMV) is a pathogen that is common worldwide and is often present in individuals infected with human immunodeficiency virus (HIV). Pattern recognition receptors (PRRs) are host sensors that activate the immune response against infectious agents. However, it is unclear whether PRR single-nucleotide polymorphisms (SNPs) are associated with the occurrence of CMV DNAemia in subjects coinfected with HIV and CMV. HIV/CMV-coinfected patients with and without CMV DNAemia were recruited for this study. The DDX58 rs10813831 and IFIH1 (rs3747517 and rs1990760) polymorphisms were genotyped using the TaqMan Allelic Discrimination Assay, whereas the DDX58 rs12006123 and TLR3 (rs3775291 and rs3775296) SNPs were analyzed using a polymerase chain reaction restriction fragment length polymorphism (PCR-RFLP) assay. A mutation present in at least one allele of the DDX58 rs12006123 SNP occurred at least two times more frequently in HIV/CMV-coinfected patients with CMV DNAemia than in coinfected subjects without CMV DNAemia (OR, 2.50; 95% CI, 1.33–4.68; p = 0.004, in the dominant model). A higher level of CMV DNAemia was observed in subjects who had the heterozygous (GA) or homozygous recessive (AA) genotype for the DDX58 rs12006123 SNP compared with those who had the wild-type (GG) genotype ( p = 0.0003). Moreover, in subjects with a mutation detected in at least one allele of the DDX58 rs12006123 SNP, a lower serum IFN-β concentration was found compared with those who had a wild-type (GG) genotype for this polymorphism ( p = 0.024). The DDX58 rs12006123 SNP is associated with CMV DNAemia in HIV/CMV-coinfected patients.",full_texts_100\PMC11436440.txt
PMC11850406,40008047,Large-scale screening of HIV-1 T-cell epitopes restricted by 12 prevalent HLA-A allotypes in Northeast Asia and universal detection of HIV-1-specific CD8 T cells.,"Ding Y, Yan J, Huang L, Yu J, Wu Y, Shen C, Fang A.",2025,Research,Frontier in Microbiology,https://europepmc.org/article/PMC/PMC11850406,,"Background Although the immune response of host T cells to human immunodeficiency virus (HIV) significantly influences the progression of the infection, the development of T-cell-based vaccines and therapies, as well as the clinical evaluation of specific T-cell functions, is currently markedly hindered by the absence of broad-spectrum, functionally validated HIV T-cell epitopes that account for the polymorphisms of the human leukocyte antigen (HLA) within an indicated geographic population. This study aimed to identify T-cell epitopes derived from the GP160, GAG, and POL proteins of the HIV-1 strain, specifically linked to 12 prevalent HLA-A allotypes, that collectively represent approximately 91% of the total gene frequency in Northeast Asian populations. Methods A total of 134 epitopes were predicted in silico and selected as potential candidates for further validation. Subsequently, peripheral blood mononuclear cells (PBMCs) were collected from 96 individuals with HIV-1 and cocultured ex vivo with each epitope candidate peptide, followed by the detection of activated CD8 + T cells. Peripheral blood mononuclear cells (PBMCs) were collected from 96 individuals with HIV-1 and cocultured ex vivo with each candidate peptide epitope, followed by the detection of activated CD8+ T cells. A total of 69 epitopes were validated as real-world HIV T-cell epitopes presented by 12 dominant HLA-A allotypes. Furthermore, the HLA-A cross-restriction for each epitope candidate was identified through peptide competitive binding assays using 12 transfected HMy2.CIR cell lines. Results A total of 45 epitopes demonstrated high affinity, while 31 epitopes displayed intermediate affinity. A broad-spectrum CD8 + T-cell epitope library containing 141 validated epitope peptides was used to universally detect HIV-1-specific CD8 + T cells via peptide-PBMC ex vivo coculture and intracellular IFN- γ staining. In 52 people with HIV-1, the number of reactive HIV-1 specific CD8 + T cells was significantly higher in the CD4 + T-cell-high patient group compared to the CD4 + T-cell-low patient group, and it correlated with the CD4 + T-cell-low patient group (<200/μL). Conclusion This study provides a broad-spectrum CD8 + T-cell epitope library aimed at developing a T-cell-directed HIV vaccine that offers high population coverage in Northeast Asia. In addition, it establishes a universal detection method for the clinical assessment of HIV-1-specific CD8 + T-cell responses.",full_texts_100\PMC11850406.txt
PMC11067292,38698440,The association between single-nucleotide polymorphisms within type 1 interferon pathway genes and human immunodeficiency virus type 1 viral load in antiretroviral-naïve participants.,"Mørup SB, Leung P, Reilly C, Sherman BT, Chang W, Milojevic M, Milinkovic A, Liappis A, Borgwardt L, Petoumenos K, Paredes R, Mistry SS, MacPherson CR, Lundgren J, Helleberg M, Reekie J, Murray DD, INSIGHT FIRST and START study groups.",2024,Research,AIDS Research and Therapy,https://europepmc.org/article/PMC/PMC11067292,,"Background Human genetic contribution to HIV progression remains inadequately explained. The type 1 interferon (IFN) pathway is important for host control of HIV and variation in type 1 IFN genes may contribute to disease progression. This study assessed the impact of variations at the gene and pathway level of type 1 IFN on HIV-1 viral load (VL). Methods Two cohorts of antiretroviral (ART) naïve participants living with HIV (PLWH) with either early ( START ) or advanced infection ( FIRST ) were analysed separately. Type 1 IFN genes (n = 17) and receptor subunits ( IFNAR1, IFNAR2 ) were examined for both cumulated type 1 IFN pathway analysis and individual gene analysis. SKAT-O was applied to detect associations between the genotype and HIV-1 study entry viral load (log10 transformed) as a proxy for set point VL; P-values were corrected using Bonferroni (P < 0.0025). Results The analyses among those with early infection included 2429 individuals from five continents. The median study entry HIV VL was 14,623 (IQR 3460–45100) copies/mL. Across 673 SNPs within 19 type 1 IFN genes, no significant association with study entry VL was detected. Conversely, examining individual genes in START showed a borderline significant association between IFNW1 , and study entry VL (P = 0.0025). This significance remained after separate adjustments for age, CD4 + T-cell count, CD4 + /CD8 + T-cell ratio and recent infection. When controlling for population structure using linear mixed effects models (LME), in addition to principal components used in the main model, this was no longer significant (p = 0.0244). In subgroup analyses stratified by geographical region, the association between IFNW1 and study entry VL was only observed among African participants, although, the association was not significant when controlling for population structure using LME. Of the 17 SNPs within the IFNW1 region , only rs79876898 (A > G) was associated with study entry VL (p = 0.0020, beta = 0.32; G associated with higher study entry VL than A) in single SNP association analyses. The findings were not reproduced in FIRST participants. Conclusion Across 19 type 1 IFN genes, only IFNW1 was associated with HIV-1 study entry VL in a cohort of ART-naïve individuals in early stages of their infection, however, this was no longer significant in sensitivity analyses that controlled for population structures using LME. Supplementary Information The online version contains supplementary material available at 10.1186/s12981-024-00610-x.",full_texts_100\PMC11067292.txt
PMC11823076,39939926,Relationship of gene polymorphisms for complement components C3 and factor H and kidney allograft function.,"Milinkovic M, Perovic V, Maksimovic S, Vukovic I, Kravljaca M, Brkovic V, Milosevic IA, Radovic M, Lausevic M.",2025,Research,BMC Nephrology,https://europepmc.org/article/PMC/PMC11823076,,"Complement plays a central role in organ ischemia/reperfusion injury (IRI) and allograft rejection. A retrospective observational study included a cohort of 73 non-diabetic deceased donor kidney allograft recipients. We collected data on donor and recipient demographic, clinical and laboratory parameters. The main outcomes of our study were delayed graft function (DGF) and kidney allograft function during five years posttransplant. Gene single nucleotide polymorphisms (SNPs) for complement components C3 (rs2230199, G_C) and FH (rs800292, G_A) were determined. The genotyping results for FH polymorphism (184G > A) showed a distribution of GG (71.2%) and GA (28.8%) genotypes, with the AA genotype not detected in the cohort. The genotype frequencies of the C3 polymorphism (304 C > G) were CC (71.2%), CG (26.0%) and GG (2.8%). Analysis of FH SNP demonstrated that patients with the GG genotype had a statistically higher frequency of DGF compared to those with the GA genotype (67.3% vs. 38.1%, p = 0.022). Univariate linear regression analysis confirmed that the FH GG genotype was the only significant determinant of DGF ( p = 0.025). Analysis of C3 SNP showed that patients with the GC/GG genotype demonstrated significantly lower levels of creatinine clearance compared to those with the CC genotype at 1 year ( p = 0.002), 3 years ( p = 0.001) and 5 years ( p = 0.010) posttransplant. These findings underscore the importance of genetic factors in influencing renal outcomes post-transplant.",full_texts_100\PMC11823076.txt
PMC11728264,39768746,High Prevalence of Severe Depression in Mexican Patients Diagnosed with HIV Treated with Efavirenz and Atazanavir: Clinical Follow-Up at Four Weeks and Analysis of TPH2 SNPs.,"Rojas-Osornio SA, Guerra-Castillo F, Mata-Marín A, Paredes-Cervantes V, Aguirre-Alvarado C, Bekker-Méndez C, Pérez-Sánchez G, Molina-López J, Ortiz-Maganda M, Mercado-Méndez A, Tesoro-Cruz E.",2024,Research,Journal of Clinical Medicine,https://europepmc.org/article/PMC/PMC11728264,,"Efavirenz (EFV) causes neuropsychiatric effects such as anxiety, depression, and suicidal thoughts in people with HIV (PWH). Depressive disorders have been associated with the Tryptophan hydroxylase type 2 ( TPH2 ) gene. Objectives : This study determines the genotypes and allelic frequencies of three TPH2 single nucleotide polymorphisms (SNPs) in a Mexican cohort of HIV-1 treatment-naïve-patients and the severity of depressive symptoms at baseline and after a four-week clinical follow-up of antiretroviral treatment. Methods : In a pilot prospective study, eighty-one antiretroviral treatment-naïve patients were recruited from the Infectious Disease Hospital, National Medical Center “La Raza”, in Mexico City. Of these, 39 were treated using a set-dose combination regimen of tenofovir disoproxil fumarate/emtricitabine (TDF/FTC) plus EFV and 42 were treated with TDF/FTC plus atazanavir/ritonavir (ATV/r), and fifty-nine control volunteers. Genomic DNA was obtained from peripheral blood mononuclear cells. All DNA samples underwent qPCR utilizing TaqMan probes for the three TPH2 SNPs studied. All participants underwent evaluation utilizing the Beck Depression Inventory. Results: Of the three SNPs examined, none exhibited any notable differences in the distribution of the alleles between the groups; nevertheless, rs4570625 TT and rs1386493 GG presented a twofold and fivefold greater risk of severe depression in PWH, respectively, independently of the treatment. Among PWH, those treated with EFV experienced severe depression at a higher rate of 90.4% after four weeks, compared to 87.5% in those treated with ATV/r. Conclusions : High rates of severe depression were identified in PWH, who presented the rs4570625 TT and rs1386493 GG polymorphic variants. Depression increased after four weeks of treatment and was higher with EFV than ATV/r. It is crucial to emphasize the necessity of conducting psychiatric monitoring for every patient with HIV and administering prompt antidepressant treatment.",full_texts_100\PMC11728264.txt
PMC11395705,39273630,Identification of a Clade-Specific HLA-C*03:02 CTL Epitope GY9 Derived from the HIV-1 p17 Matrix Protein.,"Kyobe S, Mwesigwa S, Nkurunungi G, Retshabile G, Egesa M, Katagirya E, Amujal M, Mlotshwa BC, Williams L, Sendagire H, On Behalf Of The CAfGEN Consortium, Kiragga D, Mardon G, Matshaba M, Hanchard NA, Kyosiimire-Lugemwa J, Robinson D.",2024,Research,International Journal of Molecular Sciences,https://europepmc.org/article/PMC/PMC11395705,,"Efforts towards an effective HIV-1 vaccine have remained mainly unsuccessful. There is increasing evidence for a potential role of HLA-C-restricted CD8 + T cell responses in HIV-1 control, including our recent report of HLA-C*03:02 among African children. However, there are no documented optimal HIV-1 CD8 + T cell epitopes restricted by HLA-C*03:02; additionally, the structural influence of HLA-C*03:02 on epitope binding is undetermined. Immunoinformatics approaches provide a fast and inexpensive method to discover HLA-restricted epitopes. Here, we employed immunopeptidomics to identify HLA-C*03:02 CD8 + T cell epitopes. We identified a clade-specific Gag-derived GY9 (GTEELRSLY) HIV-1 p17 matrix epitope potentially restricted to HLA-C*03:02. Residues E62, T142, and E151 in the HLA-C*03:02 binding groove and positions p3, p6, and p9 on the GY9 epitope are crucial in shaping and stabilizing the epitope binding. Our findings support the growing evidence of the contribution of HLA-C molecules to HIV-1 control and provide a prospect for vaccine strategies.",full_texts_100\PMC11395705.txt
PMC11442197,39355248,Variation within the non-coding genome influences genetic and epigenetic regulation of the human leukocyte antigen genes.,"Arumugam T, Adimulam T, Gokul A, Ramsuran V.",2024,Review,Frontiers in Immunology,https://europepmc.org/article/PMC/PMC11442197,,"Variation within the non-coding genome may influence the regulation and expression of important genes involved in immune control such as the human leukocyte antigen (HLA) system. Class I and Class II HLA molecules are essential for peptide presentation which is required for T lymphocyte activation. Single nucleotide polymorphisms within non-coding regions of HLA Class I and Class II genes may influence the expression of these genes by affecting the binding of transcription factors and chromatin modeling molecules. Furthermore, an interplay between genetic and epigenetic factors may also influence HLA expression. Epigenetic factors such as DNA methylation and non-coding RNA, regulate gene expression without changing the DNA sequence. However, genetic variation may promote or allow genes to escape regulation by epigenetic factors, resulting in altered expression. The HLA system is central to most diseases, therefore, understanding the role of genetics and epigenetics on HLA regulation will tremendously impact healthcare. The knowledge gained from these studies may lead to novel and cost-effective diagnostic approaches and therapeutic interventions. This review discusses the role of non-coding variants on HLA regulation. Furthermore, we discuss the interplay between genetic and epigenetic factors on the regulation of HLA by evaluating literature based on polymorphisms within DNA methylation and miRNA regulatory sites within class I and Class II HLA genes. We also provide insight into the importance of the HLA non-coding genome on disease, discuss ethnic-specific differences across the HLA region and provide guidelines for future HLA studies.",full_texts_100\PMC11442197.txt
PMC11800520,39910453,"The important roles of ERAP1, ERAP2 genes polymorphisms and their DNA methylation levels in pulmonary tuberculosis.","Su SH, Cai XQ, Li YH, Xu AH, Huang Q, Niu H, You QH, Sun GY.",2025,Research,BMC Infectious Diseases,https://europepmc.org/article/PMC/PMC11800520,,"Background Genetic variations in endoplasmic reticulum aminopeptidase ( ERAP1 , ERAP2 ) genes are associated with the pathogenesis of multiple diseases, including infectious diseases. The objective of our study was to assess whether ERAP1 , ERAP2 genes polymorphisms and methylation levels affect the risk of pulmonary tuberculosis (PTB). Methods We genotyped ten single nucleotide polymorphisms (SNPs) in ERAP1 , ERAP2 genes among 497 PTB patients and 502 controls by SNPscan technique. Additionally, we detected the ERAP1 , ERAP2 genes methylation levels in 98 PTB patients and 97 controls through Illumina Hiseq platform. Results Our results showed that the GG genotype, G allele frequencies of ERAP2 gene rs2549782 were significantly increased in PTB patients compared to controls, and rs2549782 polymorphism was related to the increased risk of PTB under recessive model. In addition, no significant relationship was found between ERAP1 gene rs13167972, rs17086651, rs469783, rs26618, rs3734016, ERAP2 gene rs17524572, rs1230358, rs2549794, rs117041256 and PTB susceptibility. Among PTB patients, the frequencies of rs17524572 TT genotype, T allele were significantly associated with drug-induced liver injury, and rs1230358, rs2549782, rs2549794 polymorphisms were linked to the occurrence of fever. Haplotype analysis of ERAP2 gene suggested that the frequency of CTGGT haplotype was higher, while the frequency of CTGTT haplotype was lower in PTB patients. When compared with controls, the ERAP1 methylation level was lower in PTB patients, while the ERAP2 methylation level was significantly increased. Moreover, rs1230358 polymorphism was found to affect the ERAP2 methylation level. Conclusion The ERAP2 rs2549782 variant and altered methylation levels of ERAP1 , ERAP2 genes were related to susceptibility to PTB. Supplementary Information The online version contains supplementary material available at 10.1186/s12879-025-10452-1.",full_texts_100\PMC11800520.txt
PMC11756077,39844039,The origin and transmission of HIV-1 CRF80_0107 among two major first-tier cities in China.,"Wang X, Zhu B, Li H, Han J, Wang X, Jia L, Zhang B, Li J, Wang L, Liu Y, Wen H, Li L.",2025,Research,BMC Infectious Diseases,https://europepmc.org/article/PMC/PMC11756077,,"Background CRF01_AE and CRF07_BC are the two most prevalent HIV-1 genotypes in China, and the co-circulation of these two genotypes has led to the continuous generation of CRF_0107 viruses in recent years. However, little is known about the origin and spread of CRF_0107 viruses thus far. This study focused on HIV-1 CRF80_0107, which we previously identified among the MSM population in Beijing and Hebei Province, to explore the demographic distribution, transmission links, and temporal-spatial evolutionary features of the HIV-1 CRF80_0107 strain in China. Methods With the partial pol region fragment of the HIV-1 CRF80_0107 subtype standard sequence as a reference, BLAST was used to search for highly similar sequences in the Los Alamos HIV Sequence Database, followed by preliminary subtype identification via COMET. Further phylogenetic and recombination breakpoint analyses were conducted to verify the subtypes and recombination patterns. We also performed a distance-based molecular network analysis to identify potential relationships among different HIV-positive individuals. In addition, spatiotemporal evolutionary dynamics analysis of the candidate CRF80_0107 sequences was performed via a Bayesian approach. Results A total of 36 partial pol gene sequences of HIV-1 CRF80_0107 were identified from 2009 to 2018 from 5 provinces in China. Phylogenetic and spatial-temporal dynamics analyses indicated that CRF80_0107 likely originated in Beijing around 2009 and spread to Guangdong Province around 2012. Population dynamics analysis revealed that CRF80_0107 experienced a significant increase in population size from 2009 to 2011 and then stabilized. The study also found that the number of cases in Guangdong Province was second only to that in Beijing and formed 2 relatively independent transmission clusters in the MSM population in Shenzhen, Guangdong Province. Conclusions The HIV-1 CRF80_0107 strain has spread to cities beyond its origin, particularly the MSM population in Shenzhen city, Guangdong Province, which is an area with a high incidence of HIV. This highlights the importance of continuous monitoring for the emergence and dynamic changes of novel HIV-1 recombinant viruses and the necessity of implementing effective preventive measures targeting specific populations in particular regions. Supplementary Information The online version contains supplementary material available at 10.1186/s12879-025-10461-0.",full_texts_100\PMC11756077.txt
PMC10979031,38548722,Autophagy-enhancing ATG16L1 polymorphism is associated with improved clinical outcome and T-cell immunity in chronic HIV-1 infection.,"Schreurs RRCE, Koulis A, Booiman T, Boeser-Nunnink B, Cloherty APM, Rader AG, Patel KS, Kootstra NA, Ribeiro CMS.",2024,Research,Nature Communications,https://europepmc.org/article/PMC/PMC10979031,,"Chronic HIV-1 infection is characterized by T-cell dysregulation that is partly restored by antiretroviral therapy. Autophagy is a critical regulator of T-cell function. Here, we demonstrate a protective role for autophagy in HIV-1 disease pathogenesis. Targeted analysis of genetic variation in core autophagy gene ATG16L1 reveals the previously unidentified rs6861 polymorphism, which correlates functionally with enhanced autophagy and clinically with improved survival of untreated HIV-1-infected individuals. T-cells carrying ATG16L1 rs6861(TT) genotype display improved antiviral immunity, evidenced by increased proliferation, revamped immune responsiveness, and suppressed exhaustion/immunosenescence features. In-depth flow-cytometric and transcriptional profiling reveal T-helper-cell-signatures unique to rs6861(TT) individuals with enriched regulation of pro-inflammatory networks and skewing towards immunoregulatory phenotype. Therapeutic enhancement of autophagy recapitulates the rs6861(TT)-associated T-cell traits in non-carriers. These data underscore the in vivo relevance of autophagy for longer-lasting T-cell-mediated HIV-1 control, with implications towards development of host-directed antivirals targeting autophagy to restore immune function in chronic HIV-1 infection.",full_texts_100\PMC10979031.txt
PMC11836288,39966383,Non-AUG HIV-1 uORF translation elicits specific T cell immune response and regulates viral transcript expression.,"Labaronne E, Décimo D, Bertrand L, Guiguettaz L, Sohier TJM, Cluet D, Vivet-Boudou V, Chaves Valadão AL, Dahoui C, François P, Hatin I, Lambotte O, Samri A, Autran B, Etienne L, Goujon C, Paillart JC, Namy O, Ramirez BC, Ohlmann T, Moris A, Ricci EP.",2025,Research,Nature Communications,https://europepmc.org/article/PMC/PMC11836288,,"Human immunodeficiency virus type-1 (HIV-1) is a complex retrovirus that relies on alternative splicing, translational, and post-translational mechanisms to produce over 15 functional proteins from its single ~10 kb transcriptional unit. Using ribosome profiling, nascent protein labeling, RNA sequencing, and whole-proteomics of infected CD4 + T lymphocytes, we characterized the transcriptional, translational, and post-translational landscape during infection. While viral infection exerts a significant impact on host transcript abundance, global translation rates are only modestly affected. Proteomics data reveal extensive transcriptional and post-translational regulation, with many genes showing opposing trends between transcript/ribosome profiling and protein abundance. These findings highlight a complex regulatory network orchestrating gene expression at multiple levels. Viral ribosome profiling further uncovered extensive non-AUG translation of small peptides from upstream open reading frames (uORFs) within the 5’ long terminal repeat, which elicit specific T cell responses in people living with HIV. Conservation of uORF translation among retroviruses, along with TAR sequences, shapes DDX3 dependency for efficient translation of the main viral open reading frames.",full_texts_100\PMC11836288.txt
PMC10535444,37766364,The Association between CCL5/RANTES SNPs and Susceptibility to HIV-1 Infection: A Meta-Analysis.,"Silva MJA, Marinho RL, Dos Santos PAS, Dos Santos CS, Ribeiro LR, Rodrigues YC, Lima KVB, Lima LNGC.",2023,Review ,Viruses,https://europepmc.org/article/PMC/PMC10535444,,"Genetic polymorphisms in genes that encode natural ligands of CCR5 (the main human HIV coreceptor), such as CCL5/RANTES , can alter the levels of secretion of these peptides. This article sought to review the relationship between single nucleotide polymorphisms (SNPs) of CCL5/RANTES and HIV-1 disease susceptibility. A meta-analysis was conducted through 17 articles found from January 1999 to December 2022 in the PUBMED, Science Direct, Medline, and SciELO databases. A total of three SNPs were identified and investigated under their dominant genotypic model and through a fixed-effects model. In terms of the SNP rs2107538 (G > A), in Africa and Asia, it has a protective role (OR = 0.56; 95% CI = 0.41–0.76; p = 0.0002, and OR = 0.88; 95% CI = 0.76–1.02; p = 0.08, respectively). In terms of the SNP rs2280788 (C > G), in Europe and America, it shows a higher risk role (OR = 1.92; 95% CI = 1.06–3.47; p = 0.03, and OR = 0.94; 95% CI = 0.94–1.11; p = 0.04, respectively), but in the population of Asia, with its mutant allele, it has a protective role (OR = 0.76; 95% CI = 0.63–0.93; p = 0.007). In terms of the SNP rs2280789 (T > C), no significant associations were found. Both SNPs rs2107538 and rs2280788 have a positive transcriptional effect on the RANTES/CCL5 gene, while SNP rs2280789 causes a decrease in gene expression levels. This study suggests that there is an association between the increased expression of CCL5/RANTES and a lower risk of AIDS. Therefore, further studies are needed to arrive at a definitive conclusion, and these results may help establish scientific bases for effective HIV/AIDS control strategies.",full_texts_100\PMC10535444.txt
PMC11130985,38812605,"HLA class II DRB1, DQA1, DQB1 loci in patients with HIV infection and tuberculosis in a Latvian cohort group.","Soha A, Azina I, Rozentale B, Kramicha K, Sture G, Savicka O, Titovica G.",2024,Research,Central-european Journal of Immunology,https://europepmc.org/article/PMC/PMC11130985,,"Introduction Until the COVID-19 pandemic, tuberculosis (TB) was the leading cause of death from a single infectious agent, ranking above HIV/AIDS. It is also the key cause of death among people infected with HIV. Tuberculosis incidence in Latvia has decreased by 25% during the last 30 years, but the mortality level of TB remains significant. The HLA class II genes are responsible for antigen presentation and regulation of immune responses, which plays an important role in individual susceptibility to infection disease. Whether or not differential HLA polymorphism contributes to TB with HIV infection and TB without HIV infection in Latvian patients is unknown. Material and methods For the detection of HLA class II DQA1, DQB1, and DRB1 alleles a total of 616 subjects were enrolled, including 80 primary active TB (PATB) patients, 168 HIV-1/TB patients, 168 HIV-1 patients and 200 HC individuals. Results For immunodeficiency caused by TB, HIV-1 or HIV-1/TB coinfection, alleles DRB1*12:01, 14:01, 16:01, DQA1*01:02, 01:03, 02:01, 06:01, DQB1*03:03, 06:01 are identified as protective, but DRB1*07:01, 11:01, 15:01, DQA1*02:01, 03:01, DQB1*03:01, 05:01 are identified as risk alleles. Conclusions The results of our experimental pilot studies demonstrated that HLA class II genes may contribute to the genetic risk of TB and HIV-1/TB co-infection, possibly by reducing the presentation of protective Mycobacterium tuberculosis antigens to T-helpers. It is necessary to conduct repetitive, multicentre, and large sample studies in order to draw more scientific conclusions and to confirm the relationship between TB, HIV and HIV-1/TB co-infection susceptibility and gene polymorphisms.",full_texts_100\PMC11130985.txt
PMC10552802,37598360,A genetic variation in fucosyltransferase 8 accelerates HIV-1 disease progression indicating a role for N-glycan fucosylation.,"van Pul L, Maurer I, Boeser-Nunnink BDM, Harskamp AM, van Dort KA, Kootstra NA.",2023,Research,AIDS,https://europepmc.org/article/PMC/PMC10552802,,"Objectives: Core fucosylation by fucosyltransferase 8 (FUT8) is an important posttranslational modification that impacts components of the immune system. Genetic variations in FUT8 can alter its function and could, therefore, play a role in the antiviral immune response and pathogenesis of HIV-1. This study analysed the effect of a single nucleotide polymorphism (SNP) in FUT8 on the clinical course of HIV-1 infection. Design/methods: The effect of SNPs in FUT8 on untreated HIV-1 disease outcome were analysed in a cohort of 304 people with HIV-1 (PWH) using survival analysis. Flow-cytometry was used to determine the effect of SNP on T-cell activation, differentiation and exhaustion/senescence. T-cell function was determined by proliferation assay and by measuring intracellular cytokine production. The effect of the SNP on HIV-1 replication was determined by in-vitro HIV-1 infections. Sensitivity of HIV-1 produced in PBMC with or without the SNP to broadly neutralizing antibodies was determined using a TZM-bl based neutralization assay. Results: Presence of the minor allele of SNP rs4131564 was associated with accelerated disease progression. The SNP had no effect on T-cell activation and T-cell differentiation in PWH. Additionally, no differences in T-cell functionality as determined by proliferation and cytokine production was observed. HIV-1 replication and neutralization sensitivity was also unaffected by the SNP in FUT8. Conclusion: SNP rs4131564 in FUT8 showed a major impact on HIV-1 disease course underscoring a role for N-glycan fucosylation even though no clear effect on the immune system or HIV-1 could be determined in vitro .",full_texts_100\PMC10552802.txt
PMC10749428,38146367,The HLA-B*57:01 allele corresponds to a very large MHC haploblock likely explaining its massive effect for HIV-1 elite control.,"Rahmouni M, De Marco L, Spadoni JL, Tison M, Medina-Santos R, Labib T, Noirel J, Tamouza R, Limou S, Delaneau O, Fellay J, Bensussan A, Le Clerc S, McLaren PJ, Zagury JF.",2023,Research,"Frontiers in Immunology,",https://europepmc.org/article/PMC/PMC10749428,,"Introduction We have reanalyzed the genomic data of the International Collaboration for the Genomics of HIV (ICGH), centering on HIV-1 Elite Controllers. Methods We performed a genome-wide Association Study comparing 543 HIV Elite Controllers with 3,272 uninfected controls of European descent. Using the latest database for imputation, we analyzed 35,552 Single Nucleotide Polymorphisms (SNPs) within the Major Histocompatibility Complex ( MHC ) region. Results Our analysis identified 2,626 SNPs significantly associated (p<5. 10-8) with elite control of HIV-1 infection, including well-established MHC signals such as the rs2395029-G allele which tags HLA-B*57:01 . A thorough investigation of SNPs in linkage disequilibrium with rs2395029 revealed an extensive haploblock spanning 1.9 megabases in the MHC region tagging HLA-B*57:01 , comprising 379 SNP alleles impacting 72 genes. This haploblock contains damaging variations in proteins like NOTCH4 and DXO and is also associated with a strong differential pattern of expression of multiple MHC genes such as HLA-B, MICB , and ZBTB12 . The study was expanded to include two cohorts of seropositive African-American individuals, where a haploblock tagging the HLA-B*57:03 allele was similarly associated with control of viral load. The mRNA expression profile of this haploblock in African Americans closely mirrored that in the European cohort. Discussion These findings suggest that additional molecular mechanisms beyond the conventional antigen-presenting role of class I HLA molecules may contribute to the observed influence of HLA-B*57:01/B*57:03 alleles on HIV-1 elite control. Overall, this study has uncovered a large haploblock associated with HLA-B*57 alleles, providing novel insights into their massive effect on HIV-1 elite control.",full_texts_100\PMC10749428.txt
PMC11128240,38800599,"Genetic Variation in Toll-Like Receptors (TLRs) 2, 4, and 9 Influences HIV Disease Progression Toward Active TB and AIDS.","Kaushik G, Vashishtha R, Verma C, Sharma S, Kumar V.",2024,Research,Journal of Inflammation Research,https://europepmc.org/article/PMC/PMC11128240,,"Background Toll-like receptors (TLRs) are identified as one of the key components of the innate immune system. The objective of this study was to explore the influence of genetic variability in these TLRs on human immunodeficiency virus (HIV) disease progression with and without tuberculosis (TB) co-infection. Materials and Methods This prospective, cross-sectional, and longitudinal study included 373 HIV-positive patients without TB infection. This study aimed to examine the genetic variation in TLRs (TLR2, TLR4, and TLR9) between patients with HIV-1 infection and those who progressed to active TB during the two years of follow-up. Results During the two year follow-up of 373 positive patients, 98 patients progressed to active TB/AIDS (acquired immunodeficiency syndrome). When comparing 98 HIV patients who developed active TB/AIDS to 275 HIV patients who did not, it was discovered that the frequency of the A allele in TLR9 was considerably higher ( p <0.001) in HIV patients progressed to active TB/AIDS. Ninety eight HIV individuals who advanced to active TB/AIDS showed a significantly higher frequency of the AA genotype in TLR9 than did in HIV patients who had no TB/AIDS (p <0.001). Conclusion The increased association of the AA genotype of TLR9 in HIV patients who progressed to active TB during follow-up suggests that HIV-positive patients with the AA genotype of TLR9 have increased susceptibility towards TB during the disease progression.",full_texts_100\PMC11128240.txt
PMC10769057,38127856,Insights to HIV-1 coreceptor usage by estimating HLA adaptation with Bayesian generalized linear mixed models.,"Hake A, Germann A, de Beer C, Thielen A, Däumer M, Preiser W, von Briesen H, Pfeifer N.",2023,Research,Plos Computational Biology,https://europepmc.org/article/PMC/PMC10769057,,"The mechanisms triggering the human immunodeficiency virus type I (HIV-1) to switch the coreceptor usage from CCR5 to CXCR4 during the course of infection are not entirely understood. While low CD4 + T cell counts are associated with CXCR4 usage, a predominance of CXCR4 usage with still high CD4 + T cell counts remains puzzling. Here, we explore the hypothesis that viral adaptation to the human leukocyte antigen (HLA) complex, especially to the HLA class II alleles, contributes to the coreceptor switch. To this end, we sequence the viral gag and env protein with corresponding HLA class I and II alleles of a new cohort of 312 treatment-naive, subtype C, chronically-infected HIV-1 patients from South Africa. To estimate HLA adaptation, we develop a novel computational approach using Bayesian generalized linear mixed models (GLMMs). Our model allows to consider the entire HLA repertoire without restricting the model to pre-learned HLA-polymorphisms. In addition, we correct for phylogenetic relatedness of the viruses within the model itself to account for founder effects. Using our model, we observe that CXCR4-using variants are more adapted than CCR5-using variants (p-value = 1.34e-2). Additionally, adapted CCR5-using variants have a significantly lower predicted false positive rate (FPR) by the geno2pheno[coreceptor] tool compared to the non-adapted CCR5-using variants (p-value = 2.21e-2), where a low FPR is associated with CXCR4 usage. Consequently, estimating HLA adaptation can be an asset in predicting not only coreceptor usage, but also an approaching coreceptor switch in CCR5-using variants. We propose the usage of Bayesian GLMMs for modeling virus-host adaptation in general.",full_texts_100\PMC10769057.txt
PMC11748618,39825011,Functionally-informed fine-mapping identifies genetic variants linking increased CHD1L expression and HIV restriction in monocytes.,"Tough RH, McLaren PJ, International Collaboration for the Genomics of HIV.",2025,Research,Scientific Reports,https://europepmc.org/article/PMC/PMC11748618,,"Human Immunodeficiency Virus Type 1 (HIV) set-point viral load is a strong predictor of disease progression and transmission risk. A recent genome-wide association study in individuals of African ancestries identified a region on chromosome 1 significantly associated with decreased HIV set-point viral load. Knockout of the closest gene, CHD1L , enhanced HIV replication in vitro in myeloid cells. However, it remains unclear if HIV spVL associated variants are associated with CHD1L gene expression changes. Here we apply a heuristic fine-mapping approach to prioritize combinations of variants that explain the majority of set-point viral load variance and identify variants likely driving the association. We assess the combined impact of these variants on CHD1L regulation using publicly available sequencing studies, and test the relationship between CHD1L expression and set-point viral load using imputed CHD1L expression from monocytes. Taken together, this work characterizes genetically regulated CHD1L expression and further expands our knowledge of CHD1L -mediated HIV restriction in monocytes. Supplementary Information The online version contains supplementary material available at 10.1038/s41598-024-84817-y.",full_texts_100\PMC11748618.txt
PMC11281405,39066175,Immunogenetic Profile Associated with Patients Living with HIV-1 and Epstein-Barr Virus (EBV) in the Brazilian Amazon Region.,"Costa IB, Santana-da-Silva MN, Nogami PY, Santos E Santos CJ, Pereira LMS, França EDS, Freire ABC, Ramos FLP, Monteiro TAF, Macedo O, Sousa RCM, Freitas FB, Vallinoto ACR, Brasil-Costa I.",2024,Research,Viruses,https://europepmc.org/article/PMC/PMC11281405,,"Viral coinfection among HIV-positive patients, coupled with the development of AIDS, remains a major public health problem. The synergism between the presence of HIV and other viruses has consequences in relation to changes in the severity of the infection, as well as changes in the natural course of both infections. Several polymorphisms present in genes that encode cytokines have a relevant influence on their transcription and consequently on the production of such immunological molecules. The present study evaluated the influence of SNPs located in the promoter regions of genes encoding the cytokines INF-ɣ, TNF, IL-6, IL-4, and IL-2, as well as their respective plasma concentrations, in patients infected with HIV and/or EBV in the state of Pará. Additionally, this study described the epidemiological profile and compared CD4+ and CD8+ T lymphocyte counts among the groups studied. The associative analysis between the SNPs and plasma cytokine concentrations in different groups showed statistical relevance for three polymorphisms: rs2069762 ( IL2 ), where the GG genotype demonstrated higher IL-2 levels in HIV mono-infected individuals; rs2243250 ( IL4 ), where the CT genotype showed higher IL-4 levels in the control group; and rs2069705 ( IFNG ), where the TT genotype showed higher IFN-γ levels in the coinfected group. Regarding SNP associations with CD4+/CD8+ counts, significant findings were observed in HIV mono-infected individuals: the rs2069705 ( IFNG ) polymorphism was linked to higher CD4+ counts with the CT genotype, and rs1799964 ( TNF ) was associated with higher CD8+ counts with the CC genotype. Therefore, this study provides evidence that the rs2069705 ( IFNG ) SNP is associated with elevated IFN-γ levels, which may have pathogenic consequences, as depletion of this cytokine is concerning for people living with HIV due to its antiviral properties.",full_texts_100\PMC11281405.txt
PMC11293080,39090586,KIR2DL1 gene is a surrogate marker of protection against infection-related hospitalization among HIV-1 unexposed versus exposed uninfected infants in Cameroon.,"Simeni LK, Ekali GL, Yengo CK, Wouambo RK, Fischer J, Bessong OMA, Fokam J, Yindom LM, Nguedia JCA.",2024,Research,BMC Immunology,https://europepmc.org/article/PMC/PMC11293080,,"Background HIV-exposed uninfected infants (HEU) appear more vulnerable to infections compared to their HIV-unexposed uninfected (HUU) peers, generally attributed to poor passive immunity acquired from the mother. This may be due to some genetic factors that could alter the immune system. We thus sought to determine the distribution of Killer Cell Immunoglobulin-Like Receptors (KIRs) genes in HEU versus HUU and study their associations with the occurrence of infection-related hospitalization. Methods A cohort study was conducted from May 2019 to April 2020 among HEU and HUU infants, including their follow-up at weeks 6, 12, 24, and 48, in reference pediatric centers in Yaoundé-Cameroon. The infant HIV status and infections were determined. A total of 15 KIR genes were investigated using the sequence-specific primer polymerase chain reaction (PCR-SSP) method. The KIR genes that were significantly associated with HIV-1 status (HEU and HUU) were analyzed for an association with infection-related hospitalizations. This was only possible if, and to the extent that, infection-related hospitalizations varied significantly according to status. Multivariate logistic regression analyses were conducted to determine the association between KIR gene content variants and HIV status, while considering a number of potential confounding factors. Furthermore, the risk was quantified using relative risk, odds ratio, and a 95% confidence interval. The Fisher exact test was employed to compare the frequency of occurrences. A p -value of less than 0.05 was considered statistically significant. Results In this cohort, a total of 66 infants participated, but only 19 acquired infections requiring hospitalizations (14.81%, 04/27 HUU and 38.46%, 15/39 HEU, p = 0.037). At week 48 (39 HEU and 27 HUU), the relative risk (RR) for infection-related hospitalizations was 2.42 (95% CI: 1.028–5.823) for HEU versus HUU with OR 3.59 (1.037–12.448). KIR2DL1 gene was significantly underrepresented in HEU versus HUU (OR = 0.183, 95%CI: 0.053–0.629; p = 0.003), and the absence of KIR2DL1 was significantly associated with infection-related hospitalization ( p < 0.001; aOR = 0.063; 95%CI: 0.017–0.229). Conclusion Compared to HUU, the vulnerability of HEU is driven by KIR2DL1 , indicating the protective role of this KIR against infection and hospitalizations.",full_texts_100\PMC11293080.txt
PMC11645281,39266747,Safety and antiviral effect of a triple combination of HIV-1 broadly neutralizing antibodies: a phase 1/2a trial.,"Julg B, Walker-Sperling VEK, Wagh K, Aid M, Stephenson KE, Zash R, Liu J, Nkolola JP, Hoyt A, Castro M, Serebryannyy L, Yanosick K, Speidel T, Borducchi EN, Murzda T, Maxfield L, Arduino R, McDermott AB, Gama L, Giorgi EE, Koup RA, Seaman MS, Rolle CP, DeJesus E, Li W, Korber B, Barouch DH.",2024,Research,Nature Medicine,https://europepmc.org/article/PMC/PMC11645281,,"Human immunodeficiency virus type 1 (HIV-1)-specific broadly neutralizing monoclonal antibodies (bNAbs) have to date shown transient viral suppression when administered as monotherapy or as a cocktail of two antibodies 1 – 4 . A combination of three bNAbs provides improved neutralization coverage of global viruses, which may more potently suppress viral escape and rebound 5 – 7 . Here we performed an open-label, two-part study evaluating a single intravenous dose of HIV-1 bNAbs, PGT121, PGDM1400 and VRC07-523LS, in six adults without HIV in part 1 and a multicenter trial of up to six monthly infusions of these three bNAbs in 12 people living with HIV with an antiretroviral therapy (ART) interruption in part 2. The primary endpoints were safety, tolerability and pharmacokinetics, and the secondary endpoints in part 2 were antiviral activity following ART discontinuation, changes in CD4 + T cell counts and development of HIV-1 sequence mutations associated with bNAb resistance. The trial met its prespecified endpoints. The bNAb treatment was generally safe and well tolerated. In part 2, 83% of participants (10 of 12) maintained virologic suppression for the duration of antibody therapy for at least 28 weeks, and 42% of participants (5 of 12) showed virologic suppression for at least 38–44 weeks, despite the decline of serum bNAb concentrations to low or undetectable levels. In exploratory analyses, early viral rebound in two individuals correlated with baseline resistance to PGT121 and PGDM1400, whereas long-term virologic control in five individuals correlated with reduced immune activation, T cell exhaustion and proinflammatory signaling following bNAb therapy. Our data show the potential of a triple bNAb cocktail to suppress HIV-1 in the absence of ART. ClinicalTrials.gov registration: NCT03721510 .",full_texts_100\PMC11645281.txt
PMC10210444,37231494,Reduced CCR5 expression among Uganda HIV controllers.,"Nyiro B, Amanya SB, Bayiyana A, Wasswa F, Nabulime E, Kayongo A, Nankya I, Mboowa G, Kateete DP, Sande OJ.",2023,Research,Retrovirology,https://europepmc.org/article/PMC/PMC10210444,,"Background Several mechanisms including reduced CCR5 expression, protective HLA, viral restriction factors, broadly neutralizing antibodies, and more efficient T-cell responses, have been reported to account for HIV control among HIV controllers. However, no one mechanism universally accounts for HIV control among all controllers. In this study we determined whether reduced CCR5 expression accounts for HIV control among Ugandan HIV controllers. We determined CCR5 expression among Ugandan HIV controllers compared with treated HIV non-controllers through ex-vivo characterization of CD4 + T cells isolated from archived PBMCs collected from the two distinct groups. Results The percentage of CCR5 + CD4 + T cells was similar between HIV controllers and treated HIV non-controllers (ECs vs. NCs, P = 0.6010; VCs vs. NCs, P = 0.0702) but T cells from controllers had significantly reduced CCR5 expression on their cell surface (ECs vs. NCs, P = 0.0210; VCs vs. NCs, P = 0.0312). Furthermore, we identified rs1799987 SNP among a subset of HIV controllers, a mutation previously reported to reduce CCR5 expression. In stark contrast, we identified the rs41469351 SNP to be common among HIV non-controllers. This SNP has previously been shown to be associated with increased perinatal HIV transmission, vaginal shedding of HIV-infected cells and increased risk of death. Conclusion CCR5 has a non-redundant role in HIV control among Ugandan HIV controllers. HIV controllers maintain high CD4 + T cells despite being ART naïve partly because their CD4 + T cells have significantly reduced CCR5 densities. Supplementary Information The online version contains supplementary material available at 10.1186/s12977-023-00626-7.",full_texts_100\PMC10210444.txt
PMC10079023,37023017,Human and pathogen genotype-by-genotype interactions in the light of coevolution theory.,Råberg L.,2023,Review,Plos Genetics,https://europepmc.org/article/PMC/PMC10079023,,"Antagonistic coevolution (i.e., reciprocal adaptation and counter-adaptation) between hosts and pathogens has long been considered an important driver of genetic variation. However, direct evidence for this is still scarce, especially in vertebrates. The wealth of data on genetics of susceptibility to infectious disease in humans provides an important resource for understanding host–pathogen coevolution, but studies of humans are rarely framed in coevolutionary theory. Here, I review data from human host–pathogen systems to critically assess the evidence for a key assumption of models of host–pathogen coevolution—the presence of host genotype-by-pathogen genotype interactions (G×G). I also attempt to infer whether observed G×G fit best with “gene-for-gene” or “matching allele” models of coevolution. I find that there are several examples of G×G in humans (involving, e.g., ABO , HBB , FUT2 , SLC11A1 , and HLA genes) that fit assumptions of either gene-for-gene or matching allele models. This means that there is potential for coevolution to drive polymorphism also in humans (and presumably other vertebrates), but further studies are required to investigate how widespread this process is.",full_texts_100\PMC10079023.txt
PMC11731923,39816057,Prevalence of major INSTI and HIV-1 drug resistance mutations in pre- and antiretroviral-treated patients in Indonesia.,"Djojosugito FA, Arfianti A, Wisaksana R, Siregar FM, Nasronudin N, Rachman BE, Khairunisa SQ, Indrati AR.",2024,Research,Narra J,https://europepmc.org/article/PMC/PMC11731923,,"Abstract Indonesia has one of the highest HIV infection rates in Southeast Asia. The use of dolutegravir, an integrase strand transfer inhibitor (INSTI), as a first-line treatment underscores the need for detailed data on INSTI drug resistance mutations (DRMs). Currently, there is a lack of comprehensive data on DRMs INSTI and other HIV drug resistance in Indonesian patients, both pre- and post-treatment. The aim of this study was to identify the subtypes and drug resistance mutations of the protease, reverse transcriptase, and integrase genes in both treatment-naive and ARV-treated patients in Bandung, West Java, Indonesia. A cross-sectional study was conducted involving HIV- positive patients at Hasan Sadikin Hospital, Bandung, Indonesia, from September 2022 to January 2023. The patients were categorized into two groups: ARV-treated and pre- treatment patients. Peripheral blood mononuclear cells (PBMCs) were processed for DNA extraction, followed by amplification and sequencing of the pol gene to detect mutations and subtypes. The study found that the predominant subtype was CRF01_AE, accounting for 85.4% and 69% of pre-treatment and treated patients, respectively, followed by recombinant forms such as A1/CRF01_AE, CRF01_AE/CRF02_AG, subtype B, and other subtypes. Among ARV-treated/INSTI-naive patients, major INSTI DRMs R263 K and Y143H were identified, while pre-treatment patients exhibited accessory integrase DRMs. The most common DRMs detected were non-nucleoside reverse transcriptase inhibitor (NNRTI) DRMs, with prevalences of 14.6% and 7% in pre-treatment and ARV-treated patients, respectively. In conclusion, CRF01_AE emerged as the predominant subtype in both pre-treatment and ARV-treated patients in Bandung, underscoring the necessity for ongoing surveillance of integrase DRMs, particularly given the presence of major INSTI DRMs in patients undergoing INSTI treatment.",full_texts_100\PMC11731923.txt
PMC11696297,39747272,Impact of Exon 1 polymorphism in the MBL2 gene on MBL serum levels and infection susceptibility in acute lymphoid leukemia.,"de Oliveira LC, de Souza PHR, Barbosa AN, Mineiro LS, Pontes GS.",2025,Research,Scientific Reports,https://europepmc.org/article/PMC/PMC11696297,,"Polymorphisms in the MBL2 gene exon 1 can decrease serum levels of mannose-binding lectin (MBL), increasing the risk of infection in immunocompromised individuals. This study evaluated the association between the polymorphism in exon 1 of the MBL2 gene, genotypes, serum MBL levels, and infection in 122 patients with acute lymphoid leukemia (ALL). The MBL*A allele exhibited the highest frequency (0.37) within the study population. The MBL*D (0.32) was the predominant variant. The combined frequency of O polymorphic alleles (either B or D) was 0.63. The frequencies of the A/A, A/O and O/O genotypes were 0.13, 0.49 and 0.38, respectively. All patients exhibited consistently low levels of serum MBL, irrespective of their exon 1 genotype. Parasitic infections ( n = 103), bacterial ( n = 69) and viral ( n = 48). A/O genotype (0.49) had higher infection rates, A/A (0.13) had lower rates, and O/O showed increased viral susceptibility (OR: 0.37; 95% CI 0.13–1.06; p = 0.05). Our findings demonstrated that the study population were MBL-deficient, regardless of their MLB2 genotype. Individuals with the A/O genotype had more infections, while those with the O/O genotype appeared more susceptible to viral infections. These findings highlight the impact of MBL levels and genetic variants on infection susceptibility in ALL patients. Supplementary Information The online version contains supplementary material available at 10.1038/s41598-024-81971-1.",full_texts_100\PMC11696297.txt
PMC11472541,39402453,Regulatory T cells modulate monocyte functions in immunocompetent antiretroviral therapy naive HIV-1 infected people.,"Georgia AN, Claudine NE, Carole SN, Loveline NN, Abel L, Flaurent TT, Martin S, Waffo AB, Okeke M, Esimone C, Park CG, Vittorio C, François-Xavier E, Godwin NW.",2024,Research,BMC Immunology,https://europepmc.org/article/PMC/PMC11472541,,"We previously demonstrated that the overall number of regulatory T (Treg) cells decrease proportionately with helper CD4 + T cells and their frequencies increase in antiretroviral therapy (ART)-naive human immunodeficiency virus type-1 (HIV-1) infected individuals. The question now is whether the discrepancies in Treg cell numbers and frequencies are synonymous to an impairment of their functions. To address this, we purified Treg cells and assessed their ability to modulate autologous monocytes functions. We observed that Treg cells were able to down modulate autologous monocytes activation as well as interleukin 6 (IL-6) and tumor necrosis factor-alpha (TNF-α) production during stimulation with polyinosinic-polycytidylic acid stabilized with poly-L-lysine and carboxymethylcellulose (poly-ICLC). This activity of Treg cells has been shown to be influenced by immunocompetence including but not limited to helper CD4 + T cell counts, in individuals with HIV-1 infection. Compared to immunosuppressed participants (CD4 < 500 cells/µL), immunocompetent participants (CD4 ≥ 500 cells/µL) showed significantly higher levels of transforming growth factor beta (TGF-β) and IL-10 ( p < 0.001 and p < 0.05, respectively), key cytokines used by Treg cells to exert their immunosuppressive functions. Our findings suggest the contribution of both TGF-β and IL-10 in the suppressive activity of Treg cells.",full_texts_100\PMC11472541.txt
PMC11875805,40034260,"Prediction of the Co-receptor usage of the main worldwide HIV-1 subtypes, CRF, and CRF35-AD in Iranian patients via the five genotypic tools.","Hashempour A, Akbarinia S, Khodadad N, Safari F, Mehrabi Z.",2025,Research,Biochemistry and Biophysics Reports,https://europepmc.org/article/PMC/PMC11875805,,"HIV-1 has various subtypes and CRFs, each with unique genetic attributes that impact the virus's spread, disease development, and response to treatment in different populations. Determining V3 tropism is crucial for utilizing CCR5 antagonists and understanding why certain HIV-1 subtypes are more pathogenic than others are. Genotypic coreceptor usage of 603 major subtypes of A, B, C, AE, and CRF35-AD is investigated via five bioinformatics tools (PhenoSeq, WebPSSM, Geno2Pheno, Net charge, and the 11/25 rule). This study examined crown motifs, N-glycosylation sites, and T8V mutations in all subtypes. R5 viruses are common in subtypes A, B, C, and CRF35-AD. These data indicate that R5 viruses in subtypes A and B are more prone to crown motif formation. The first report assessed the tropism of common HIV-1 subtypes and reported that CCR5 inhibitors could help treat patients with all subtypes but not AE. WebPSSM is a suitable method for determining HIV-1 tropism in different subtypes. Finally, large cohorts to assess virological response to CCR5 inhibitors would provide deep insight into the practicality of genotypic methods in clinical settings.",full_texts_100\PMC11875805.txt
PMC11429533,39329696,The Role of Tumor Suppressor p53 Protein in HIV-Host Cell Interactions.,Bakhanashvili M.,2024,Review ,Cells,https://europepmc.org/article/PMC/PMC11429533,,"The virus–host relationship is indispensable for executing successful viral infection. The pathogenesis of HIV is determined by an intricate interaction between the host and the virus for the regulation of HIV infection, thereby influencing various aspects, including the regulation of signaling pathways. High mutation rates and population heterogeneity characterize HIV with consequences for viral pathogenesis and the potential to escape the immune system and anti-viral inhibitors used in therapy. The origin of the high mutation rates exhibited by HIV may be attributed to a limited template-copied fidelity that likely operates in the cytoplasm. HIV-1 infection induces upregulation and activation of tumor suppressor p53 protein in the early stages of HIV-1 infection. p53 plays a multifaceted role in the context of HIV infection, thereby affecting viral replication. p53 is involved in maintaining genetic integrity, actively participating in various DNA repair processes through its various biochemical activities and via its ability to interact with components of the repair machinery. This report focuses on the impact of the p53 protein on the HIV-1 reverse transcription process while incorporating various incorrect and non-canonical nucleotides. The presence of functional host-coded p53 protein with proofreading–repair activities in the cytoplasm may lead to various biological outcomes.",full_texts_100\PMC11429533.txt
PMC11599110,39599811,Archived HIV-1 Drug Resistance Mutations: Role of Proviral HIV-1 DNA Genotype for the Management of Virological Responder People Living with HIV.,"Campagna R, Nonne C, Antonelli G, Turriziani O.",2024,Review,Viruses,https://europepmc.org/article/PMC/PMC11599110,,"Despite its effectiveness in controlling plasma viremia, antiretroviral therapy (ART) cannot target proviral DNA, which remains an obstacle to HIV-1 eradication. When treatment is interrupted, the reservoirs can act as a source of viral rebound, highlighting the value of proviral DNA as an additional source of information on an individual’s overall resistance burden. In cases where the viral load is too low for successful HIV-1 RNA genotyping, HIV-1 DNA can help identify resistance mutations in treated individuals. The absence of treatment history, the need to adjust ART despite undetectable viremia, or the presence of LLV further support the use of genotypic resistance tests (GRTs) on HIV-1 DNA. Conventionally, GRTs have been achieved through Sanger sequencing, but the advances in NGS are leading to an increase in its use, allowing the detection of minority variants present in less than 20% of the viral population. The clinical significance of these mutations remains under debate, with interpretations varying based on context. Additionally, proviral DNA is subject to APOBEC3-induced hypermutation, which can lead to defective, nonviable viral genomes, a factor that must be considered when performing GRTs on HIV-1 DNA.",full_texts_100\PMC11599110.txt
PMC11669954,39638260,"Modulation of CCR5 expression and R5 HIV-1 infection in primary macrophages exposed to sera from HESN, LTNP, and chronically HIV-1 infected people with or without natural antibodies to CCR5.","Farina I, Andreotti M, Pastori C, Bona R, Galluzzo CM, Amici R, Purificato C, Uberti-Foppa C, Riva A, Gauzzi MC, Lopalco L, Fantuzzi L.",2024,Research,Virus Research,https://europepmc.org/article/PMC/PMC11669954,,Highlights • The effect of sera containing or not natural anti-CCR5 Ab was studied in MDM. • CCR5 expression was modulated independently on the presence/absence of anti-CCR5 Ab. • All sera strongly reduced R5 HIV-1 DNA in all donor's MDMs. • No correlation between CCR5 expression and R5 HIV-1 DNA levels was found in MDMs.,full_texts_100\PMC11669954.txt
PMC11360854,39198721,"Reverse vaccinology approaches to design a potent multiepitope vaccine against the HIV whole genome: immunoinformatic, bioinformatics, and molecular dynamics approaches.","Hashempour A, Khodadad N, Akbarinia S, Ghasabi F, Ghasemi Y, Nazar MMKA, Falahi S.",2024,Research,BMC Infectious Diseases,https://europepmc.org/article/PMC/PMC11360854,,"Substantial advances have been made in the development of promising HIV vaccines to eliminate HIV-1 infection. For the first time, one hundred of the most submitted HIV subtypes and CRFs were retrieved from the LANL database, and the consensus sequences of the eleven HIV proteins were obtained to design vaccines for human and mouse hosts. By using various servers and filters, highly qualified B-cell epitopes, as well as HTL and CD8 + epitopes that were common between mouse and human alleles and were also located in the conserved domains of HIV proteins, were considered in the vaccine constructs. With 90% coverage worldwide, the human vaccine model covers a diverse allelic population, making it widely available. Codon optimization and in silico cloning in prokaryotic and eukaryotic vectors guarantee high expression of the vaccine models in human and E. coli hosts. Molecular dynamics confirmed the stable interaction of the vaccine constructs with TLR3, TLR4, and TLR9, leading to a substantial immunogenic response to the designed vaccine. Vaccine models effectively target the humoral and cellular immune systems in humans and mice; however, experimental validation is needed to confirm these findings in silico . Supplementary Information The online version contains supplementary material available at 10.1186/s12879-024-09775-2.",full_texts_100\PMC11360854.txt
PMC11814211,39944061,Molecular network analysis for detecting HIV transmission clusters: insights and implications.,"Liu Y, Hua L, Wu W, Ge Y, Li W, Wei P.",2025,Research,Frontiers in Public Health,https://europepmc.org/article/PMC/PMC11814211,,"Objective In order to improve knowledge of HIV transmission dynamics and guide preventive and control strategies, this work uses molecular cluster analysis to objectively detect clusters of HIV genetic sequence similarity. Methods 89 HIV-positive couples provided blood samples, and plasma was separated for pol region gene sequence amplification. Furthermore, analyzed HIV-1 pol fragment sequences from Nanjing patients between 2015 and 2019. HYPHY and Cytoscape were used to generate and illustrate molecular networks. Results In this investigation of 89 double-positive pairs, it was discovered that the pairwise gene distance approach properly detected 82.02% of positive couples at an ideal gene distance of 0.014 substitution/loci. With an accuracy of 86.25%, the optimal parameter for the phylogenetic tree and gene distance approach was 90 + 0.045 substitution/loci. A molecular network was built for the Nanjing samples (2015–2019) using the optimum threshold of the previous technique. This network had 487 sequences with one misconnected cluster. There were 565 sequences in the network created by the latter approach that were not incorrectly connected. Conclusion For HIV research, molecular cluster analysis provides novel insights. It helps with preventive and control methods by objectively identifying clusters with comparable genetic sequences, which enhances our knowledge of HIV transmission. Further developments will increase its importance for HIV/AIDS research and worldwide prevention.",full_texts_100\PMC11814211.txt
PMC11091187,38741006,CRISPR/Cas9 genome editing of CCR5 combined with C46 HIV-1 fusion inhibitor for cellular resistant to R5 and X4 tropic HIV-1.,"Khamaikawin W, Saisawang C, Tassaneetrithep B, Bhukhai K, Phanthong P, Borwornpinyo S, Phuphuakrat A, Pasomsub E, Chaisavaneeyakorn S, Anurathapan U, Apiwattanakul N, Hongeng S.",2024,Research,Scientific Reports,https://europepmc.org/article/PMC/PMC11091187,,"Hematopoietic stem-cell (HSC) transplantation using a donor with a homozygous mutation in the HIV co-receptor CCR5 (CCR5Δ32/Δ32) holds great promise as a cure for HIV-1. Previously, there were three patients that had been reported to be completely cured from HIV infection by this approach. However, finding a naturally suitable Human Leukocyte Antigen (HLA)-matched homozygous CCR5Δ32 donor is very difficult. The prevalence of this allele is only 1% in the Caucasian population. Therefore, additional sources of CCR5Δ32/Δ32 HSCs are required. The Clustered Regularly Interspaced Short Palindromic Repeats (CRISPR)/CRISPR-associated (Cas) system is one method to mediate CCR5 knockout in HSCs that has been successfully employed as a gene editing tool in clinical trials. Additional anti-HIV-1 strategies are still required for broad-spectrum inhibition of HIV-1 replication. Here in this study, we combined an additional anti-HIV-1 therapy, which is C46, a cell membrane-anchored HIV-1 fusion inhibitor with the CRISPR/Cas9 mediated knockout CCR5. The combined HIV-1 therapeutic genes were investigated for the potential prevention of both CCR5 (R5)- and CXCR4 (X4)-tropic HIV-1 infections in the MT4CCR5 cell line. The combinatorial CRISPR/Cas9 therapies were superior compared to single method therapy for achieving the HIV-1 cure strategy and shows potential for future applications.",full_texts_100\PMC11091187.txt
PMC11533037,39427414,Transmission of highly virulent CXCR4 tropic HIV-1 through the mucosal route in an individual with a wild-type CCR5 genotype.,"Marichannegowda MH, Setua S, Bose M, Sanders-Buell E, King D, Zemil M, Wieczorek L, Diaz-Mendez F, Chomont N, Thomas R, Francisco L, Eller LA, Polonis VR, Tovanabutra S, Heredia A, Tagaya Y, Michael NL, Robb ML, Song H.",2024,Research,Ebiomedicine,https://europepmc.org/article/PMC/PMC11533037,,"Summary Background Nearly all transmitted/founder (T/F) HIV-1 are CCR5 (R5)-tropic. While previous evidence suggested that CXCR4 (X4)-tropic HIV-1 are transmissible, virus detection and characterization were not at the earliest stages of acute infection. Methods We identified an X4-tropic T/F HIV-1 in a participant (40700) in the RV217 acute infection cohort. Coreceptor usage was determined in TZM-bl cell line, NP-2 cell lines, and primary CD4 + T cells using pseudovirus and infectious molecular clones. CD4 subset dynamics were analyzed using flow cytometry. Viral load in each CD4 subset was quantified using cell-associated HIV RNA assay and total and integrated HIV DNA assay. Findings Participant 40700 was infected by an X4 tropic HIV-1 without CCR5 using ability. This participant experienced significantly faster CD4 depletion compared to R5 virus infected individuals in the same cohort. Naïve and central memory (CM) CD4 subsets declined faster than effector memory (EM) and transitional memory (TM) subsets. All CD4 subsets, including the naïve, were productively infected. Increased CD4 + T cell activation was observed over time. This X4-tropic T/F virus is resistant to broadly neutralizing antibodies (bNAbs) targeting V1/V2 and V3 regions, while most of the R5 T/F viruses in the same cohort are sensitive to the same panel of bNAbs. Interpretation X4-tropic HIV-1 is transmissible through mucosal route in people with wild-type CCR5 genotype. The CD4 subset tropism of HIV-1 may be an important determinant for HIV-1 transmissibility and virulence. Funding Institute of Human Virology , 10.13039/100000002 National Institutes of Health , 10.13039/100003896 Henry M. Jackson Foundation for the Advancement of Military Medicine .",full_texts_100\PMC11533037.txt
PMC11680417,39772259,Genetic Diversity and Antiretroviral Resistance in HIV-1-Infected Patients Newly Diagnosed in Cabo Verde.,"Leal SDV, Pimentel V, Gonçalves P, Monteiro de Pina Araújo II, Parreira R, Taveira N, Pingarilho M, Abecasis AB.",2024,Research,Viruses,https://europepmc.org/article/PMC/PMC11680417,,"The high genetic variability of HIV-1 and the emergence of transmitted drug resistance (TDR) can impact treatment efficacy. In this study, we investigated the prevalent HIV-1 genotypes and drug-resistance-associated mutations in drug-naïve HIV-1 individuals in Cabo Verde. The study, conducted between 2018 and 2019, included drug-naïve HIV-1 individuals from the São Vicente, Boa Vista, Fogo, and Santiago islands. The HIV-1 pol gene was sequenced using Sanger sequencing. TDR was identified using the Stanford Calibrated Population Resistance tool, and resistance levels to different drugs were interpreted with the Stanford HIV database. The genetic diversity of HIV-1 was determined through phylogenetic analysis, and epidemiological and behavioural data were collected via questionnaires. Of the 73 participants, the majority were male (52.1%). The CRF02_AG recombinant form predominated (41.1%), followed by subtype G (37.0%). The overall prevalence of TDR was 9.6%. Nucleoside Reverse Transcriptase Inhibitor (NRTI) mutations occurred in 2.7% of individuals, while Non-Nucleoside Reverse Transcriptase Inhibitor (NNRTI) mutations occurred in 9.6%. The most prevalent mutations were K103N (5.5%) and M184V (2.7%). No protease- or integrase-associated mutations were found. The high levels of resistance to NNRTIs found demonstrate the need for surveillance of resistance mutations to ensure the efficacy and durability of the current therapeutic regimen, which includes Dolutegravir.",full_texts_100\PMC11680417.txt
PMC11395227,39273381,The Enigmatic Interplay of Interleukin-10 in the Synergy of HIV Infection Comorbid with Preeclampsia.,"Naidoo SJ, Naicker T.",2024,Review,International Journal of Molecular Sciences,https://europepmc.org/article/PMC/PMC11395227,,"Cytokines coordinate the intricate choreography of the immune system, directing cellular activities that mediate inflammation, pathogen defense, pathology and tissue repair. Within this spectrum, the anti-inflammatory prowess of interleukin-10 (IL-10) predominates in immune homeostasis. In normal pregnancy, the dynamic shift of IL-10 across trimesters maintains maternal immune tolerance ensuring fetal development and pregnancy success. Unravelling the dysregulation of IL-10 in pregnancy complications is vital, particularly in the heightened inflammatory condition of preeclampsia. Of note, a reduction in IL-10 levels contributes to endothelial dysfunction. In human immunodeficiency virus (HIV) infection, a complex interplay of IL-10 occurs, displaying a paradoxical paradigm of being immune-protective yet aiding viral persistence. Genetic variations in the IL-10 gene further modulate susceptibility to HIV infection and preeclampsia, albeit with nuanced effects across populations. This review outlines the conceptual framework underlying the role of IL-10 in the duality of normal pregnancy and preeclampsia together with HIV infection, thus highlighting its regulatory mechanisms and genetic influences. Synthesizing these findings in immune modulation presents avenues for therapeutic interventions in pregnancy complications comorbid with HIV infection.",full_texts_100\PMC11395227.txt
PMC11858172,39997638,Imaging Flow Cytometry in HIV Infection Research: Advantages and Opportunities.,"Elfimov KA, Baboshko DA, Gashnikova NM.",2025,Review,Methods and Protocols,https://europepmc.org/article/PMC/PMC11858172,,"The human immunodeficiency virus (HIV) is a type of retrovirus that infects humans and belongs to the Lentivirus group. Despite the availability of effective treatments, HIV infections are still increasing in some parts of the world, according to the World Health Organization (WHO). Another major challenge is the growing problem of HIV becoming resistant to drugs. This highlights the importance of ongoing research to better understand HIV and find new ways to stop the virus from spreading in the body. Scientists use a variety of methods to study HIV, including techniques from molecular and cellular biology. Many of these methods rely on fluorescent dyes to help visualize specific parts of the virus or infected cells. This article focuses on a technique called imaging flow cytometry, which is particularly useful for studying HIV. Imaging flow cytometry is unique because it not only measures fluorescence (light emitted by the dyes) but also captures images of each cell being analyzed. This allows researchers to see where the fluorescence is located within the cell and to study the cell’s shape and structure in detail. Additionally, this method can be combined with machine learning to analyze large amounts of data more efficiently.",full_texts_100\PMC11858172.txt
PMC11860778,40007014,The Deubiquitinase OTUD1 Influences HIV-1 Release by Regulating the Host Restriction Factor BST-2.,"Zhang MD, Chen F, He WQ, Lu Y, Liu FL, Zhang HG, Yang LM, Dong CS, Xiong SD, Zheng YT.",2025,Research,Viruses,https://europepmc.org/article/PMC/PMC11860778,,"Bone marrow stromal cell antigen 2 (BST-2) is a restriction factor for human immunodeficiency virus type I (HIV-1) and plays an important role in regulating the release of viral particles. However, the antiviral efficacy of BST-2 is antagonized by the HIV-1-encoded accessory protein Vpu, which facilitates the degradation of BST-2 by recruiting E3 ubiquitin ligase β-TrCP. The involvement of deubiquitinases (DUBs) in counteracting BST-2 ubiquitination and influencing its stability during HIV-1 infection remains inadequately explored. In this study, we conducted a small interfering RNA (siRNA) screening of human DUBs and determined that OTUD1 interacts with BST-2, leading to a reduction in its K48- and K63-linked ubiquitination. This reduction increases BST-2 protein stability, and subsequently inhibits HIV-1 release. Our findings reveal a novel regulatory mechanism by which DUBs influence the stability of the HIV-1 restriction factor BST-2 to dampen viral release, providing a potential therapeutic target for HIV-1 antiviral intervention.",full_texts_100\PMC11860778.txt
PMC11373203,39078131,Pharmacogenetic determinants of tenofovir diphosphate and lamivudine triphosphate concentrations in people with HIV/HBV coinfection.,"Bae J, Tantawy M, Gong Y, Langaee T, Lartey M, Ganu V, Tachi K, Ojewale O, Obo-Akwa A, Boamah I, Bushman LR, Ellison L, Yang H, Anderson PL, Kwara A.",2024,Research,Antimicrobial Agents and Chemotherapy,https://europepmc.org/article/PMC/PMC11373203,,"ABSTRACT The nucleos(t)ide analogs require phosphorylation to the pharmacologically active anabolites in cells. We investigated the hypothesis that single-nucleotide polymorphisms (SNPs) in genes that encode transporters and phosphodiesterase (PDE) enzymes involved in tenofovir (TFV), disoproxil fumarate (TDF), and lamivudine (3TC) disposition will be associated with concentrations of their phosphate anabolites and virologic response. Individuals with human immunodeficiency virus (HIV) and hepatitis B virus (HBV) coinfection receiving TDF/3TC-containing antiretroviral therapy were enrolled. Steady-state TFV diphosphate (TFV-DP) and 3TC triphosphate (3TC-TP) concentrations in peripheral blood mononuclear cells (PBMCs) and dried blood spot samples were quantified. The relationship between genetic variants and TFV-DP and 3TC-TP concentrations as well as with virologic response were examined using multivariable linear regression. Of the 136 participants (median age 43 years; 63% females), 6.6% had HBV non-suppression, and 7.4% had HIV non-suppression. The multidrug resistance protein 2 (encoded by ABCC2 rs2273697) SNP was associated with 3TC-TP concentrations in PBMCs. The human organic anion transporter-1 (encoded by SLC28A2 ) rs11854484 SNP was associated with HIV non-suppression, and when evaluated together with SNPs with marginal associations ( ABCC2 rs717620 and PDE1C rs30561), participants with two or three variants compared to those with none of these variants had an adjusted odds ratio of 48.3 (confidence interval, 4.3–547.8) for HIV non-suppression. None of the SNPs were associated with HBV non-suppression. Our study identified ABCC2 SNP to be associated with 3TC-TP concentrations in PBMCs. Also, a combination of genetic variants of drug transporters and PDE was associated with HIV non-suppression.",full_texts_100\PMC11373203.txt
PMC11285832,39074297,CCR5Δ32 and HLA allele diversity in bone marrow donors from southern Brazil.,"Kulmann-Leal B, Ellwanger JH, Arend AC, Jobim LFJ, Jobim M, Michita RT, Callegari-Jacques SM, Pôrto LCMS, Chies JAB.",2024,Research,Genetics and Molecular Biology,https://europepmc.org/article/PMC/PMC11285832,,"Abstract Transplantation of stem cells derived from donors with CCR5Δ32 homozygous genotype is a potential strategy to achieve both the control of malignant hematological disease as well as sustained remission of the HIV infection, and researchers in different countries are looking for CCR5Δ32 homozygous donors to replicate such a ‘double-target’ strategy. We determined the frequency of the CCR5Δ32 variant in a sample of 1,398 bone marrow donors from Rio Grande do Sul State, Brazil. This study also evaluated whether HLA-A , HLA-B and HLA-DRB1 genotypes are homogeneously distributed between CCR5Δ32 carriers and non-carriers in a population characterized by a significant genetic admixture. The CCR5Δ32 allele frequency was 7.4% (CI 0.95 6.4-8.4%), and the frequency of the Δ32/Δ32 homozygous genotype was 0.72% (CI 0.95 0.34-1.31%). In general, HLA genotypes are homogeneously distributed between CCR5Δ32 carriers and non-carriers. Considering the large number of bone marrow donors in Brazil and the high CCR5Δ32 allele frequency observed in our study, our results clearly indicate the existence of a considerable amount of potential CCR5Δ32 homozygous bone marrow donors in southern Brazil, suggesting that an active search for these donors is not only feasible but an attractive and promising strategy towards effective HIV infection control and treatment.",full_texts_100\PMC11285832.txt
PMC11254536,39027459,"CD8T-cell response to mutated HLA-B*35-restricted Gag HY9 and HA9 epitopes from HIV-1 variants from Medellin, Colombia.","Sánchez-Martínez A, Giraldo Hoyos S, Alzate-Ángel JC, Guzmán F, Roman T, Velilla PA, Acevedo-Sáenz L.",2024,Research,Heliyon,https://europepmc.org/article/PMC/PMC11254536,,"The HLA-B*35 alleles have been associated with a slow or rapid progression of HIV-1 infection. However, the mechanisms related to HIV-1 progression have yet to be entirely understood. Several reports indicate that the binding affinity between the HLA-I molecule and peptides could be associated with an increased CD8 + T-cell response. Novel HLA-B*35-restricted mutated variants have been described from HSNQVSQNY (HY9) and HPVHAGPIA (HA9) epitopes. Bioinformatic analysis has indicated that these mutated epitopes show low and high binding affinity towards HLA-B*35, respectively. However, the polyfunctionality of CD8 + T-cells stimulated with these mutated and wild-type epitopes has yet to be reported. The results suggest that the low-binding affinity H124 N/S125 N/N126S mutated peptide in the HY9 epitope induced a lower percentage of CD107a + CD8 + T-cells than the wild-type epitope. Instead, the high-binding affinity peptides I223V and I223A in the HA9 epitope induced a significantly higher frequency of polyfunctional CD8 + T-cells. Also, a higher proportion of CD8 + T-cells with two functions, with Granzyme B + Perforin + being the predominant profile, was observed after stimulation with mutated peptides associated with high binding affinity in the HA9 epitope. These results suggest that the high-affinity mutated peptides induced a more polyfunctional CD8 + T-cell response, which could be related to the control of viral replication.",full_texts_100\PMC11254536.txt
PMC10493081,37701839,Genetic polymorphisms in the C19orf66 gene influenced HIV-1 infection in a Yunnan population.,"Zhang Y, Feng Y, Liu Y, Liu L, Xia X, Zhang AM.",2023,Research,Peerj,https://europepmc.org/article/PMC/PMC10493081,,"Background Due to the deficiencies of vaccines and effective medicine, the human immunodeficiency virus (HIV) infection mechanism should be studied. The C19orf66 gene, one of the interferon-stimulated genes (ISGs), expresses broad-spectra anti-viral activity, including inhibiting HIV replication. Methods In this study, we collect 421 HIV-1 infected patients and 448 controls to genotype three SNPs in the C19orf66 gene. Then, the association between SNPs and biochemical indices/ HIV-1 subtypes are analyzed. Results Genotypes CC and CT of rs12611087 show statistically lower and higher frequencies in HIV-1 infected patients than in controls, respectively. Alleles C and T of rs12611087 play protective and risk roles in Yunnan HIV population, respectively. Biochemical indices analysis shows that HIV-1 infected persons carried genotype TT of rs77076061 express significantly lower CD3 + /CD45 + ratio level and higher IBIL level. The epidemic subtypes of HIV-1 patients in this study are CRF 07_BC and CRF 08_BC. Moreover, subtype CRF 08_BC tends to infect persons with genotype CC of rs12611087 . Conclusion The genetic polymorphisms of the C19orf66 gene are firstly studied and reported to associate with HIV-1 infection and biochemical indices of patients in Yunnan. Furthermore, subtype CRF 08_BC infection could be influenced by genotypes of SNP in the C19orf66 gene.",full_texts_100\PMC10493081.txt
PMC11054413,38675842,The Expression Levels of TREX1 and IFN-α Are Associated with Immune Reconstitution in HIV-1-Infected Individuals.,"Queiroz MAF, Oliveira AQT, Moura TCF, Brito WRDS, Santana EGM, Lima LLP, Lopes FT, Bichara CDA, Amoras EDSG, Ishak R, Vallinoto IMVC, Vallinoto ACR.",2024,Research,Viruses,https://europepmc.org/article/PMC/PMC11054413,,"TREX1 acts in the initial prevention of an autoimmune response, but it may contribute to the permissiveness of retrovirus infections. This study investigated the association between the levels of TREX1 gene expression with the polymorphisms TREX1 rs3135941 (T/C) and TREX1 rs3135945 (G/A), and the presence of antinuclear antibodies (ANA) in antiretroviral therapy (ART)-naïve individuals and after 1 year of treatment. Blood samples from 119 individuals with HIV-1 were subjected to genotyping of polymorphisms and quantification of TREX1 gene expression and HIV-1 viral load by qPCR. The concentration of IFN-α and the number of CD4 + /CD8 + T lymphocytes were determined by ELISA and flow cytometry, respectively; ANA was investigated by immunofluorescence. A control group of 167 seronegative individuals was used for the comparison of genotypic frequencies. The frequency of the polymorphisms were not associated with HIV infection or with variations in the expression of TREX1 and IFN-α ( p > 0.05). ART-naïve individuals exhibited higher TREX1 expression and lower IFN-α expression. After 1 year of ART, TREX1 levels were reduced, while IFN-α and CD4 + T lymphocytes were elevated ( p < 0.05). Some individuals on ART presented ANA. These results suggest that ART-mediated restoration of immune competence is associated with a reduction in TREX1 expression, which may induce the development of ANA, regardless of the polymorphism investigated.",full_texts_100\PMC11054413.txt
PMC10989307,38577531,Associations of PNPLA3 and LEP genetic polymorphisms with metabolic-associated fatty liver disease in Thai people living with human immunodeficiency virus.,"Choochuay K, Kunhapan P, Puangpetch A, Tongsima S, Srisawasdi P, Sobhonslidsuk A, Sungkanuparph S, Biswas M, Sukasem C.",2024,Research,World Journal of Hepatology,https://europepmc.org/article/PMC/PMC10989307,,"BACKGROUND The prevalence of metabolic-associated fatty liver disease (MAFLD) is a growing public health issue in people living with human immunodeficiency virus (PLWH). However, the pathophysiology of MAFLD is still unknown, and the role of genetic variables is only now becoming evident. AIM To evaluate the associations of gene-polymorphism-related MAFLD in PLWH. METHODS The study employed transient elastography with a controlled attenuation parameter ≥ 248 dB/m to identify MAFLD in patients from a Super Tertiary Hospital in central Thailand. Candidate single-nucleotide polymorphisms (SNPs) were genotyped using TaqMan ® MGB probe 5' nuclease assays for seven MAFLD-related genes. Statistical analyses included SNP frequency analysis, Fisher's Exact and Chi-square tests, odds ratio calculations, and multivariable logistic regression. RESULTS The G-allele carriers of PNPLA3 (rs738409) exhibited a two-fold rise in MAFLD, increasing by 2.5 times in MAFLD with human immunodeficiency virus infection. The clinical features and genetic patterns imply that LEP rs7799039 A-allele carriers had a nine times ( P = 0.001) more significant chance of developing aberrant triglyceride among PLWH. CONCLUSION The current study shows an association between PNPLA3 rs738409 and LEP rs7799039 with MAFLD in PLWH.",full_texts_100\PMC10989307.txt
PMC11836648,39475752,Replicative co-infections with human immunodeficiency virus 1 and 2 as well as hepatitis B and C virus in Ghanaian individuals.,"Glyschewski L, Hahn A, Rohde H, Lütgehetmann M, Feldt T, Sarfo FS, Phillips RO, Dompreh A, Asibey SO, Boateng R, Weinreich F, Frickmann H, Eberhardt KA.",2024,Research,European Journal of Microbiology & Immunology,https://europepmc.org/article/PMC/PMC11836648,,"Abstract Background The study assessed replicative human immunodeficiency virus-(HIV-) infection and replicative co-infections as well as molecular determinants of reduced susceptibility towards anti-retroviral therapy in a Ghanaian population of known HIV patients and a control group. Methods Real-time PCRs for HIV-1, HIV-2, hepatitis B virus (HBV) and hepatitis C virus (HCV) were run with serum samples from known Ghanaian HIV-patients ( n = 975) and control individuals ( n = 105). For 108 individuals, HIV-sequence analysis was performed. Results Prevalence of replicative HIV-1 infection was 59.8% (583/975) in the known HIV-positive population and 2.9% (3/105) in the controls. Prevalences of replicative HBV-infection were comparable with 3.4% (33/975) in the HIV-positive individuals and 3.8% (4/105) in the controls. HIV-2 and HCV sequences were not recorded. Almost perfect concordance between two compared HIV-1-PCR assays was indicated by Fleiss' Kappa >0.8. Sanger sequencing indicated CRF_02AG, G and A3 as the quantitatively dominating HIV-1 subtypes, a minority of 3.4% CXCR4 tropism and high detection rates of mutations mediating reduced susceptibility towards nucleoside reverse transcriptase inhibitors (71.9%, 64/89), non-nucleoside reverse transcriptase inhibitors (95.5%, 85/89), protease inhibitors (95.9%, 93/97) and integrase inhibitors (22.4%, 22/98). Conclusions The assessment did not suggest HIV-triggered increased replication of HBV and HCV in the investigated Ghanaian population.",full_texts_100\PMC11836648.txt
PMC11388266,39178742,Altered memory CCR6 Th17-polarised T-cell function and biology in people with HIV under successful antiretroviral therapy and HIV elite controllers.,"Yero A, Goulet JP, Shi T, Costiniuk CT, Routy JP, Tremblay C, Mboumba Bouassa RS, Alexandrova Y, Pagliuzza A, Chomont N, Ancuta P, Jenabian MA.",2024,Research,Ebiomedicine,https://europepmc.org/article/PMC/PMC11388266,,"Summary Background Despite successful antiretroviral therapy (ART), frequencies and immunological functions of memory CCR6 + Th17-polarised CD4 + T-cells are not fully restored in people with HIV (PWH). Moreover, long-lived Th17 cells contribute to HIV persistence under ART. However, the molecular mechanisms underlying these observations remain understudied. Methods mRNA-sequencing was performed using Illumina technology on freshly FACS-sorted memory CCR6 + CD4 + T-cells from successfully ART-treated (ST), elite controllers (EC), and uninfected donors (HD). Gene expression validation was performed by RT-PCR, flow cytometry, and in vitro functional assays. Findings Decreased Th17 cell frequencies in STs and ECs versus HDs coincided with reduced Th17-lineage cytokine production in vitro . Accordingly, the RORγt/RORC2 repressor NR1D1 was upregulated, while the RORγt/RORC2 inducer Semaphorin 4D was decreased in memory CCR6 + T-cells of STs and ECs versus HDs. The presence of HIV-DNA in memory CCR6 + T-cells of ST and EC corresponded with the downregulation of HIV restriction factors (SERINC3, KLF3, and RNF125) and HIV inhibitors (tetraspanins), along with increased expression of the HIV-dependency factor MRE11, indicative of higher susceptibility/permissiveness to HIV-1 infection. Furthermore, markers of DNA damage/modification were elevated in memory CCR6 + T-cells of STs and ECs versus HDs, in line with their increased activation (CD38/HLA-DR), senescence/exhaustion phenotype (CTLA-4/PD-1/CD57) and their decreased expression of proliferation marker Ki-67. Interpretation These results reveal new molecular mechanisms of Th17 cell deficit in ST and EC PWH despite a successful control of HIV-1 replication. This knowledge points to potential therapeutic interventions to limit HIV-1 infection and restore frequencies, effector functions, and senescence/exhaustion in Th17 cells. Funding This study was funded by the 10.13039/501100000024 Canadian Institutes of Health Research (CIHR, operating grant MOP 142294, and the Canadian HIV Cure Enterprise [CanCURE 2.0] Team Grant HB2 164064), and in part, by the Réseau SIDA et maladies infectieuses du Fonds de recherche du Québec-Santé (FRQ-S).",full_texts_100\PMC11388266.txt
PMC11855707,40003876,"No Association Between HIV-1 Subtype and Primary Resistance Mutations with CD4 Reconstitution During Effective Antiretroviral Treatment: An Observational, Cohort Study.","Załęski A, Lembas A, Dyda T, Osińska J, Jabłońska J, Stempkowska-Rejek J, Orzechowska J, Wiercińska-Drapało A.",2025,Research,International Journal of Molecular Sciences,https://europepmc.org/article/PMC/PMC11855707,,"Some people with Human Immunodeficiency Virus (HIV) on effective antiretroviral therapy have persistent low lymphocyte CD4 counts and remain at an increased risk of Acquired Immunodeficiency Syndrome (AIDS). We investigated whether primary drug resistance mutations (DRMs) and HIV-1 subtype could be related to immunologic reconstitution in these people. In a multicenter, observational cohort study among treatment-naïve patients, we analyzed HIV-1 subtype, primary drug resistance mutations, CD4 counts, and CD4:CD8 ratios during effective antiretroviral therapy. We compared these variables between patients with different HIV subtypes and between those with or without drug-resistance mutations up to 48 weeks post-baseline. In 156 patients, CD4 count normalization (≥500 cells/µL) was observed in 39% of patients, while CD4:CD8 ratio ≥ 1 in 27% after treatment implementation. HIV-1 subtype B was present in 75% of the patients and subtype A in 22%. Primary resistance mutations were found in 57% of the individuals. The percentage of immunological nonrespondents did not differ significantly between those with different HIV subtypes or between those with or without primary resistance mutations ( p > 0.05). In conclusion, there was no significant coincidence between the HIV subtype and primary drug resistance mutations with immunological reconstitution in patients receiving effective antiretroviral therapy.",full_texts_100\PMC11855707.txt
PMC11784016,39714157,Variability in HIV-1 transmitted/founder virus susceptibility to combined APOBEC3F and APOBEC3G host restriction.,"Gaba A, Yousefi M, Bhattacharjee S, Chelico L.",2025,Research,Journal of Virology,https://europepmc.org/article/PMC/PMC11784016,,"ABSTRACT Several APOBEC3 enzymes restrict HIV-1 by deaminating cytosine to form uracil in single-stranded proviral (−)DNA. However, HIV-1 Vif counteracts their activity by inducing their proteasomal degradation. This counteraction by Vif is incomplete, as evidenced by footprints of APOBEC3-mediated mutations within integrated proviral genomes of people living with HIV-1. The relative contributions of multiple APOBEC3s in HIV-1 restriction are not fully understood. Here, we investigated the activity of co-expressed APOBEC3F and APOBEC3G against HIV-1 Subtype B and Subtype C transmitted/founder viruses. We determined that APOBEC3F interacts with APOBEC3G through its N-terminal domain. We provide evidence that this results in protection of APOBEC3F from Vif-mediated degradation because the APOBEC3F N-terminal domain contains residues required for recognition by Vif. We also found that HIV-1 Subtype C Vifs, but not Subtype B Vifs, were less active against APOBEC3G when APOBEC3F and APOBEC3G were co-expressed. Consequently, when APOBEC3F and APOBEC3G were expressed together in a single cycle of HIV-1 replication, only HIV-1 Subtype C viruses showed a decrease in relative infectivity compared to when APOBEC3G was expressed alone. Inspection of Vif amino acid sequences revealed that differences in amino acids adjacent to conserved sequences influenced the Vif-mediated APOBEC3 degradation ability. Altogether, the data provide a possible mechanism for how combined expression of APOBEC3F and APOBEC3G could contribute to mutagenesis of HIV-1 proviral genomes despite the presence of Vif and provide evidence for variability in the Vif-mediated APOBEC3 degradation ability of transmitted/founder viruses. IMPORTANCE APOBEC3 enzymes suppress HIV-1 infection by inducing cytosine deamination in proviral DNA but are hindered by HIV-1 Vif, which leads to APOBEC3 proteasomal degradation. Moving away from traditional studies that used lab-adapted HIV-1 Subtype B viruses and singular APOBEC3 enzymes, we examined how transmitted/founder isolates of HIV-1 replicated in the presence of APOBEC3F and APOBEC3G. We determined that APOBEC3F interacts with APOBEC3G through its N-terminal domain and that APOBEC3F, like APOBEC3G, has Vif-mediated degradation determinants in the N-terminal domain. This enabled APOBEC3F to be partially resistant to Vif-mediated degradation. We also demonstrated that Subtype C is more susceptible than Subtype B HIV-1 to combined APOBEC3F/APOBEC3G restriction and identified Vif variations influencing APOBEC3 degradation ability. Importantly, Vif amino acid variation outside of previously identified conserved regions mediated APOBEC3 degradation and HIV-1 Vif subtype-specific differences. Altogether, we identified factors that affect susceptibility to APOBEC3F/APOBEC3G restriction.",full_texts_100\PMC11784016.txt
PMC11199549,38933108,DRB1 locus alleles of HLA class II are associated with modulation of the immune response in different serological profiles of HIV-1/Epstein-Barr virus coinfection in the Brazilian Amazon region.,"Pereira LMS, Dos Santos França E, Costa IB, Lima IT, Jorge EVO, de Souza Mendonça Mattos PJ, Freire ABC, de Paula Ramos FL, Monteiro TAF, Macedo O, Sousa RCM, Freitas FB, Costa IB, Vallinoto ACR.",2024,Research,Frontiers in Medicine,https://europepmc.org/article/PMC/PMC11199549,,"Background Epstein–Barr virus (EBV) infection involves distinct clinical and serological profiles. We evaluated the frequency of alleles of locus DRB1 of HLA class II in different serological profiles of EBV infection among HIV-1 infected patients. Methods We recruited 19 patients with primary infection, 90 with serological transition and 467 with past infection by EBV, HIV-1 co-infection was 100% in primary infection and approximately 70% in other serological profiles. EBV viral load was quantified by real-time PCR, T lymphocyte quantification and cytokine level analysis were performed by flow cytometry, and HLA locus genotyping was performed by PCR-SSO. Results The DRB1*09 allele was associated with primary infection (p: 0.0477), and carriers of the allele showed changes in EBV viral load (p: 0.0485), CD8(+) T lymphocyte counts (p: 0.0206), double-positive T lymphocyte counts (p: 0.0093), IL-4 levels (p: 0.0464) and TNF levels (p: 0.0161). This allele was also frequent in HIV-coinfected individuals (p: 0.0023) and was related to the log10 HIV viral load (p: 0.0176) and CD8(+) T lymphocyte count (p: 0.0285). In primary infection, the log10 HIV viral load was high (p: 0.0060) and directly proportional to the EBV viral load (p: 0.0412). The DRB1*03 allele correlated with serological transition (p: 0.0477), EBV viral load (p: 0.0015), CD4(+) T lymphocyte count (p: 0.0112), CD8(+) T lymphocyte count (p: 0.0260), double-negative T lymphocyte count (p: 0.0540), IL-4 levels (p: 0.0478) and IL-6 levels (p: 0.0175). In the serological transition group, the log10 HIV viral load was high (p: 0.0060), but it was not associated with the EBV viral load (p: 0.1214). Past infection was related to the DRB1*16 allele (p: 0.0477), with carriers displaying IgG levels (p: 0.0020), CD4(+) T lymphocyte counts (p: 0.0116) and suggestive CD8(+) T count alterations (p: 0.0602). The DRB01*16 allele was also common in HIV-1 patients with past EBV infection (p: 0.0192); however, the allele was not associated with clinical markers of HIV-1 infection. Conclusion Our results suggest that HLA class II alleles may be associated with the modulation of the serological profiles of the immune response to Epstein-Barr virus infection in patients coinfected with HIV-1.",full_texts_100\PMC11199549.txt
PMC11329236,38733995,Polymorphic residues in HLA-B that mediate HIV control distinctly modulate peptide interactions with both TCR and KIR molecules.,"Tano-Menka R, Singh NK, Muzhingi I, Li X, Mandanas MV, Kaseke C, Crain CR, Zhang A, Ogunshola FJ, Vecchiarello L, Piechocka-Trocha A, Bashirova A, Birnbaum ME, Carrington M, Walker BD, Gaiha GD.",2024,Research,Structure,https://europepmc.org/article/PMC/PMC11329236,,"Summary Immunogenetic studies have shown that specific HLA-B residues (67, 70, 97, and 156) mediate the impact of HLA class I on HIV infection, but the molecular basis is not well understood. Here we evaluate the function of these residues within the protective HLA-B ∗ 5701 allele. While mutation of Met67, Ser70, and Leu156 disrupt CD8 + T cell recognition, substitution of Val97 had no significant impact. Thermal denaturation of HLA-B ∗ 5701-peptide complexes revealed that Met67 and Leu156 maintain HLA-peptide stability, while Ser70 and Leu156 facilitate T cell receptor (TCR) interactions. Analyses of existing structures and structural models suggested that Val97 mediates HLA-peptide binding to inhibitory KIR3DL1 molecules, which was confirmed by experimental assays. These data thereby demonstrate that the genetic basis by which host immunity impacts HIV outcomes occurs by modulating HLA-B-peptide stability and conformation for interaction with TCR and killer immunoglobulin receptor (KIR) molecules. Moreover, they indicate a key role for epitope specificity and HLA-KIR interactions to HIV control.",full_texts_100\PMC11329236.txt
PMC11293078,39085767,Drug-induced hepatotoxicity and association with slow acetylation variants NAT2*5 and NAT2*6 in Cameroonian patients with tuberculosis and HIV co-infection.,"Cho FN, Achidi EA, Enoh JE, Pallerla SR, Linh LTK, Tong HV, Kamgno J, Penlap VB, Adegnika AA, Lekana-Douki JB, Bouyou-Akotet MK, Kahunu GM, Lutete GT, Bates M, Tembo J, Elton L, McHugh TD, Grobusch MP, Zumla A, Ntoumi F, Velavan TP.",2024,Research,BMC Infectious Disease,https://europepmc.org/article/PMC/PMC11293078,,"Background Human immunodeficiency virus (HIV) and tuberculosis (TB) are major contributors to morbidity and mortality in sub-Saharan Africa including Cameroon. Pharmacogenetic variants could serve as predictors of drug-induced hepatotoxicity (DIH), in patients with TB co-infected with HIV. We evaluated the occurrence of DIH and pharmacogenetic variants in Cameroonian patients. Methods Treatment-naïve patients with HIV, TB or TB/HIV co-infection were recruited at three hospitals in Cameroon, between September 2018 and November 2019. Appropriate treatment was initiated, and patients followed up for 12 weeks to assess DIH. Pharmacogenetic variants were assessed by allele discrimination TaqMan SNP assays. Results Of the 141 treatment naïve patients, the overall incidence of DIH was 38% (53/141). The highest incidence of DIH, 52% (32/61), was observed among HIV patients. Of 32 pharmacogenetic variants, the slow acetylation variants NAT2 *5 was associated with a decreased risk of DIH (OR: 0.4; 95%CI: 0.17–0.96; p = 0.038), while NAT2 *6 was found to be associated with an increased risk of DIH (OR: 4.2; 95%CI: 1.1–15.2; p = 0.017) among patients treated for TB. Up to 15 SNPs differed in ≥ 5% of allele frequencies among African populations, while 25 SNPs differed in ≥ 5% of the allele frequencies among non-African populations, respectively. Conclusions DIH is an important clinical problem in African patients with TB and HIV. The NAT2 *5 and NAT2 *6 variants were found to be associated with DIH in the Cameroonian population. Prior screening for the slow acetylation variants NAT2*5 and NAT2*6 may prevent DIH in TB and HIV-coinfected patients. Supplementary Information The online version contains supplementary material available at 10.1186/s12879-024-09638-w.",full_texts_100\PMC11293078.txt
PMC11246342,39003370,Modelling Role of Protective and Nonprotective HLA Allele Inducing Different HIV Infection Outcomes.,Xu S.,2024,Research,Bulletin of Mathematical Biology,https://europepmc.org/article/PMC/PMC11246342,,"Human immunodeficiency virus (HIV) infects CD4+ cells and causes progressive immune function failure, and CD8+ cells lyse infected CD4+ cell via recognising peptide presented by human leukocyte antigens (HLA). Variations in HLA allele lead to observed different HIV infection outcomes. Within-host HIV dynamics involves virus replication within infected cells and lysing of infected cells by CD8+ cells, but how variations in HLA alleles determine different infection outcomes was far from clear. Here, we used mathematical modelling and parameter inference with a new analysis of published virus inhibition assay data to estimate CD8+ cell lysing efficiency, and found that lysing efficiency fall in the gap between low bound (0.1–0.2 day −1 (Elemans et al. in PLoS Comput Biol 8(2):e1002381, 2012)) and upper boundary (6.5–8.4 day −1 (Wick et al. in J Virol 79(21):13579–13586, 2005)). Our outcomes indicate that both lysing efficiency and viral inoculum size jointly determine observed different infection outcomes. Low lysing rate associated with non-protective HLA alleles leads to monostable viral kinetic to high viral titre and oscillatory viral kinetics. High lysing rate associated with protective HLA alleles leads monostable viral kinetic to low viral titre and bistable viral kinetics; at a specific interval of CD8+ cell counts, small viral inoculum sizes are inhibited but not large viral inoculum sizes remain infectious. Further, with CD8+ cell recruitment, HIV kinetics always exhibit oscillatory kinetics, but lysing rate is negatively correlated with range of CD8+ cell count. Our finding highlights role of HLA allele determining different infection outcomes, thereby providing a potential mechanistic explanation for observed good and bad HIV infection outcomes induced by protective HLA allele.",full_texts_100\PMC11246342.txt
PMC11634010,39661636,Polyfunctionality and breadth of HIV-1 antibodies are associated with delayed disease progression.,"Grobben M, Bakker M, Schriek AI, Levels LJJ, Umotoy JC, Tejjani K, van Breemen MJ, Lin RN, de Taeye SW, Ozorowski G, Kootstra NA, Ward AB, Kent SJ, Hogarth PM, Wines BD, Sanders RW, Chung AW, van Gils MJ.",2024,Research,Plos Pathogens,https://europepmc.org/article/PMC/PMC11634010,,"HIV-1 infection leads to chronic disease requiring life-long treatment and therefore alternative therapeutics, a cure and/or a protective vaccine are needed. Antibody-mediated effector functions could have a role in the fight against HIV-1. However, the properties underlying the potential beneficial effects of antibodies during HIV-1 infection are poorly understood. To identify a specific profile of antibody features associated with delayed disease progression, we studied antibody polyfunctionality during untreated HIV-1 infection in the well-documented Amsterdam Cohort Studies. Serum samples were analyzed from untreated individuals with HIV-1 at approximately 6 months (n = 166) and 3 years (n = 382) post-seroconversion (post-SC). A Luminex antibody Fc array was used to profile 15 different Fc features for serum antibodies against 20 different HIV-1 envelope glycoprotein antigens and the resulting data was also compared with data on neutralization breadth. We found that high HIV-1 specific IgG1 levels and low IgG2 and IgG4 levels at 3 years post-SC were associated with delayed disease progression. Moreover, delayed disease progression was associated with a broad and polyfunctional antibody response. Specifically, the capacity to interact with all Fc γ receptors (FcγRs) and C1q, and in particular with FcγRIIa, correlated positively with delayed disease progression. There were strong correlations between antibody Fc features and neutralization breadth and several antibody features that were associated with delayed disease progression were also associated with the development of broad and potent antibody neutralization. In summary, we identified a strong association between broad, polyfunctional antibodies and delayed disease progression. These findings contribute new information for the fight against HIV-1, especially for new antibody-based therapy and cure strategies.",full_texts_100\PMC11634010.txt
PMC10531836,37762667,Genomic Factors and Therapeutic Approaches in HIV-Associated Neurocognitive Disorders: A Comprehensive Review.,"Borrajo A, Pérez-Rodríguez D, Fernández-Pereira C, Prieto-González JM, Agís-Balboa RC.",2023,Review,International Journal of Molecular Sciences,https://europepmc.org/article/PMC/PMC10531836,,"HIV-associated neurocognitive disorders (HANDs) still persist despite improved life expectancy, reduced viral loads, and decreased infection severity. The number of patients affected by HANDs ranges from (30 to 50) % of HIV-infected individuals. The pathological mechanisms contributing to HANDs and the most serious manifestation of the disease, HIV-associated dementia (HAD), are not yet well understood. Evidence suggests that these mechanisms are likely multifactorial, producing neurocognitive complications involving disorders such as neurogenesis, autophagy, neuroinflammation, and mitochondrial dysfunction. Over the years, multiple pharmacological approaches with specific mechanisms of action acting upon distinct targets have been approved. Although these therapies are effective in reducing viral loading to undetectable levels, they also present some disadvantages such as common side effects, the need for administration with a very high frequency, and the possibility of drug resistance. Genetic studies on HANDs provide insights into the biological pathways and mechanisms that contribute to cognitive impairment in people living with HIV-1. Furthermore, they also help identify genetic variants that increase susceptibility to HANDs and can be used to tailor treatment approaches for HIV-1 patients. Identification of the genetic markers associated with disease progression can help clinicians predict which individuals require more aggressive management and by understanding the genetic basis of the disorder, it will be possible to develop targeted therapies to mitigate cognitive impairment. The main goal of this review is to provide details on the epidemiological data currently available and to summarise the genetic (specifically, the genetic makeup of the immune system), transcriptomic, and epigenetic studies available on HANDs to date. In addition, we address the potential pharmacological therapeutic strategies currently being investigated. This will provide valuable information that can guide clinical care, drug development, and our overall understanding of these diseases.",full_texts_100\PMC10531836.txt
PMC11541314,39505757,"Synergistic Epistasis and Systems Biology Approaches to Uncover a Pharmacogenomic Map Linked to Pain, Anti-Inflammatory and Immunomodulating Agents (PAIma) in a Healthy Cohort.","Sharafshah A, Motovali-Bashi M, Keshavarz P, Blum K.",2024,Research,Cellular and Molecular Neurobiology,https://europepmc.org/article/PMC/PMC11541314,,"The global public health addiction crisis has been stark, with over 932,400 deaths in the USA and Canada from opioid overdose since 1999–2020, surpassing the mortality rates at the top of the HIV/AIDS epidemic. Both nations exhibit opioid consumption rates significantly above the norm for developed countries. Analgesic type of opioids present both therapeutic benefits and substantial health risks, necessitating balanced drug regulation, careful prescribing, and dedicated opioid stewardship. The role of the cytochrome P450 2D6 (CYP2D6) system (Enzymatic functions) in metabolizing opioids highlights the potential of genotype-guided analgesia. By integrating Pharmacogenomics (PGx), this approach aims to optimize pain management, enhance safety, and reduce addiction risks. This understanding prompted the utilization of multifactor dimensionality reduction (MDR) to explore a range of phenotypes including PGx and gene–gene interactions (GGI) in a healthy cohort, thereby personalizing pain management strategies. The study sampled 100 unrelated healthy Western Iranians and 100 individuals from the 1000 Genome Project. Pre-testing involved searching for PGx annotations (variants associated with drug-gene-diseases) related to pain sensitivity and inflammation using the PharmGKB database, which identified 128 relevant genes. A questionnaire helped select 100 participants who had never used potent opioids but also other psychoactive agents (e.g., nicotine, amphetamines, etc.) and disease-related drugs. Whole-exome sequencing (WES) was then employed to analyze these genes in an Iranian cohort. Further analyses included MDR for identifying synergistic gene annotations and GGI for exploring complex gene interactions through the Visualization of Statistical Epistasis Networks (ViSEN). The study identified a Pain, Anti-Inflammatory, and Immunomodulating agents (PAIma) panel from the 128 genes, resulting in 55,590 annotations across 21 curated pathways. After filtering, 54 significant structural or regulatory variants were identified. This research also highlighted novel gene relationships involving the CYP3A5 gene, hsa-miR-355-5p, Paliperidone, and CYP2D6 , which warrant further investigation. This study offers a novel pharmacogenetic framework that could potentially transform opioid prescribing practices to mitigate misuse and enhance personalized pain management. Further validation of these findings from multi countries and ethnic groups could guide clinicians in implementing DNA-based opioid prescribing, aligning treatment more closely with individual genetic profiles. Graphical abstract Supplementary Information The online version contains supplementary material available at 10.1007/s10571-024-01504-2.",full_texts_100\PMC11541314.txt
PMC9894159,36695358,"Host variation in type I interferon signaling genes (MX1), C-C chemokine receptor type 5 gene, and major histocompatibility complex class I alleles in treated HIV+ noncontrollers predict viral reservoir size.","Siegel DA, Thanh C, Wan E, Hoh R, Hobbs K, Pan T, Gibson EA, Kroetz DL, Martin J, Hecht F, Pilcher C, Martin M, Carrington M, Pillai S, Busch MP, Stone M, Levy CN, Huang ML, Roychoudhury P, Hladik F, Jerome KR, Kiem HP, Henrich TJ, Deeks SG, Lee SA.",2023,Research,AIDS,https://europepmc.org/article/PMC/PMC9894159,,"Objective: Prior genomewide association studies have identified variation in major histocompatibility complex (MHC) class I alleles and C–C chemokine receptor type 5 gene ( CCR5Δ32 ) as genetic predictors of viral control, especially in ‘elite’ controllers, individuals who remain virally suppressed in the absence of therapy. Design: Cross-sectional genomewide association study. Methods: We analyzed custom whole exome sequencing and direct human leukocyte antigen (HLA) typing from 202 antiretroviral therapy (ART)-suppressed HIV+ noncontrollers in relation to four measures of the peripheral CD4 + T-cell reservoir: HIV intact DNA, total (t)DNA, unspliced (us)RNA, and RNA/DNA. Linear mixed models were adjusted for potential covariates including age, sex, nadir CD4 + T-cell count, pre-ART HIV RNA, timing of ART initiation, and duration of ART suppression. Results: Previously reported ‘protective’ host genetic mutations related to viral setpoint (e.g. among elite controllers) were found to predict smaller HIV reservoir size. The HLA ‘protective’ B∗57:01 was associated with significantly lower HIV usRNA ( q = 3.3 × 10 −3 ), and among the largest subgroup, European ancestry individuals, the CCR5Δ32 deletion was associated with smaller HIV tDNA ( P = 4.3 × 10 −3 ) and usRNA ( P = 8.7 × 10 −3 ). In addition, genomewide analysis identified several single nucleotide polymorphisms in MX1 (an interferon stimulated gene) that were significantly associated with HIV tDNA ( q = 0.02), and the direction of these associations paralleled MX1 gene eQTL expression. Conclusions: We observed a significant association between previously reported ‘protective’ MHC class I alleles and CCR5Δ32 with the HIV reservoir size in noncontrollers. We also found a novel association between MX1 and HIV total DNA (in addition to other interferon signaling relevant genes, PPP1CB , DDX3X ). These findings warrant further investigation in future validation studies.",full_texts_100\PMC9894159.txt
PMC11788171,39902182,Impact of HIV on HPV-related cancers in men who have sex with men: a review.,"Zhang Z, Xing Y, Gong T, Li W, Zhang S, Wei L.",2024,Review,Frontiers in Cellular and Infection Microbiology,https://europepmc.org/article/PMC/PMC11788171,,"Co-infection with human immunodeficiency virus (HIV) significantly increases the incidence of human papillomavirus (HPV) infection and HPV-related cancers among men who have sex with men (MSM). Conversely, HPV infection can also influence HIV acquisition rates. HIV-induced immune suppression may affect chromosomal stability, gene expression, protein function and other molecular components in MSM with HPV-related cancers. Additionally, HIV infection also alters cellular mechanisms by compromising immune responses and epithelial integrity. In this review, we reviewed the influence of HIV on specific HPV-related cancers in MSM, including oropharyngeal squamous cell carcinoma, penile cancer, and anal cancer. We integrated epidemiological data from the past five years and discussed diagnosis and treatment strategies. Overall, our review offers crucial insights into the underlying molecular and cellular mechanisms of these co-infection MSM patients. Our review aims to assist future research in developing effective treatment strategies for MSM with HIV/HPV co-infection.",full_texts_100\PMC11788171.txt
PMC10714756,37962394,Honduras HIV cohort: HLA class I and CCR5-Δ32 profiles and their associations with HIV disease outcome.,"Valenzuela-Ponce H, Carbajal C, Soto-Nava M, Tapia-Trejo D, García-Morales C, Murillo W, Lorenzana I, Reyes-Terán G, Ávila-Ríos S.",2023,Research,Microbiology Spectrum,https://europepmc.org/article/PMC/PMC10714756,,"ABSTRACT Human leukocyte antigen (HLA) polymorphisms represent the strongest genetic modifier of HIV disease progression. Diverse HLA distributions can lead to distinct HIV control landscapes at the population level. We aimed to describe HLA allele and haplotype frequencies (linkage disequilibrium, LD), CCR5-Δ32 frequency, and the impact of these variants on HIV disease outcome. HLA class I loci were typed at 4-digit resolution, and CCR5 variants were determined in 402 HIV clade B-infected, antiretroviral treatment-naïve individuals from Honduras. HLA LD was assessed using Fisher’s exact test. Using univariable and multivariable analyses, we evaluated HLA associations with HIV plasma viral load (pVL) and CD4 counts. We did not find any effect on HIV control between CCR5 genotypes. The previously defined HLA associations were found to be B*57:01/03 , B*42:01 , A*25:01 , and C*12:03 (protective) and B*53:01 and A*68:01 (risk). Consistent with our previous research in a Mesoamerican HIV cohort, Amerindian B*35:12 was associated with poor HIV control. Other HLA-HIV associations not previously described were C*03:04 and B*08:01 , which were associated with higher pVL. Overall, this first report highlights the immunogenetic uniqueness of the Honduras population that expresses Amerindian, Caucasian, and African HLA subtypes. These findings not only support this cohort as ideal for identifying HLA correlates of HIV control but also may improve future research regarding allotransplantation and disease association. IMPORTANCE We identify both canonical and novel human leukocyte antigen (HLA)-HIV associations, providing a first step toward improved understanding of HIV immune control among the understudied Honduras Mestizo population. Our results are relevant to understanding the protective or detrimental effects of HLA subtypes in Latin America because their unique HLA diversity poses challenges for designing vaccines against HIV and interpreting results from such vaccine trials. Likewise, the description of the HLA profile in an understudied population that shows a unique HLA immunogenetic background is not only relevant for HIV immunology but also relevant in population genetics, molecular anthropology, susceptibility to other infections, autoimmune diseases, and allograft transplantation.",full_texts_100\PMC10714756.txt
PMC11613800,39627860,"The role of pharmacomicrobiomics in HIV prevention, treatment, and women's health.","Swanson EC, Basting CM, Klatt NR.",2024,Review,Microbiome,https://europepmc.org/article/PMC/PMC11613800,,"In the absence of an effective vaccine or curative treatment for HIV, the global HIV/AIDS epidemic continues despite significant advances in treatment and prevention. Antiretroviral therapy (ART) drugs have transformed HIV from a terminal illness to a manageable chronic condition. Likewise, pre-exposure prophylaxis treatment (PrEP) has dramatically reduced transmission in some of the highest risk populations. However, quality of life and life expectancy in people living with HIV (PWH) still lag significantly behind the general population. The mechanisms that reduce the efficacy of PrEP and ART are multifaceted, but one factor that warrants additional attention is the impact of the microbiome on ART and PrEP efficacy, as well as pharmacokinetics more broadly. In this review, we assess the current state of research on the HIV-associated microbiome, how this impacts treatment efficacy, and how microbiome states can alter HIV susceptibility. We also explore how the mechanisms we propose could extend to the efficacy of other drugs and identify promising areas of research that remain understudied. Video Abstract Supplementary Information The online version contains supplementary material available at 10.1186/s40168-024-01953-3.",full_texts_100\PMC11613800.txt
PMC10765519,38179408,Whole genome sequencing reveals population diversity and variation in HIV-1 specific host genes.,"Thami PK, Choga WT, Dandara C, O'Brien SJ, Essex M, Gaseitsiwe S, Chimusa ER.",2023,Research,Frontiers in Genetics,https://europepmc.org/article/PMC/PMC10765519,,"HIV infection continues to be a major global public health issue. The population heterogeneity in susceptibility or resistance to HIV-1 and progression upon infection is attributable to, among other factors, host genetic variation. Therefore, identifying population-specific variation and genetic modifiers of HIV infectivity can catapult the invention of effective strategies against HIV-1 in African populations. Here, we investigated whole genome sequences of 390 unrelated HIV-positive and -negative individuals from Botswana. We report 27.7 million single nucleotide variations (SNVs) in the complete genomes of Botswana nationals, of which 2.8 million were missing in public databases. Our population structure analysis revealed a largely homogenous structure in the Botswana population. Admixture analysis showed elevated components shared between the Botswana population and the Niger-Congo (65.9%), Khoe-San (32.9%), and Europeans (1.1%) ancestries in the population of Botswana. Statistical significance of the mutational burden of deleterious and loss-of-function variants per gene against a null model was estimated. The most deleterious variants were enriched in five genes: ACTRT2 (the Actin Related Protein T2), HOXD12 (homeobox D12), ABCB5 (ATP binding cassette subfamily B member 5), ATP8B4 (ATPase phospholipid transporting 8B4) and ABCC12 (ATP Binding Cassette Subfamily C Member 12). These genes are enriched in the glycolysis and gluconeogenesis ( p < 2.84e-6) pathways and therefore, may contribute to the emerging field of immunometabolism in which therapy against HIV-1 infection is being evaluated. Published transcriptomic evidence supports the role of the glycolysis/gluconeogenesis pathways in the regulation of susceptibility to HIV, and that cumulative effects of genetic modifiers in glycolysis/gluconeogenesis pathways may potentially have effects on the expression and clinical variability of HIV-1. Identified genes and pathways provide novel avenues for other interventions, with the potential for informing the design of new therapeutics.",full_texts_100\PMC10765519.txt
PMC11608392,39614998,Innate Immune Cell Functions Contribute to Spontaneous HIV Control.,"Huber A, Baas FS, van der Ven AJAM, Dos Santos JC.",2024,Review,Current HIV/AIDS Reports,https://europepmc.org/article/PMC/PMC11608392,,"Purpose of Review To review the role of innate immune cells in shaping the viral reservoir and maintenance of long-term viral control of spontaneous Elite and Viremic HIV controllers. Recent Findings HIV controllers exhibit a smaller and transcriptionally suppressed viral reservoir. Different studies report that early responses from innate cells play a pivotal role in this reservoir configuration. NK cells, particularly those with cytotoxic activity and polyfunctional monocytes, have been linked to viral control, and DCs may contribute through early viral sensing and activation of adaptive responses. In some cases, cytotoxic NK cells appeared before HIV-specific CD8 + T cells, underscoring their importance in early viral suppression. Summary Innate immune cells, including NK cells, monocytes, DCs, and γδ T-cells, are crucial in shaping the viral reservoir in HIV controllers. Early, robust innate responses may help to maintain long-term viral suppression and offer insights into potential therapeutic approaches.",full_texts_100\PMC11608392.txt
PMC11396324,39272106,"HIV drug resistance: analysis of viral genotypes and mutation loci in people living with HIV in Chongqing, China (2016-2023).","Gao W, Zhou G, Li M, Wang P, Li J, Deng R.",2024,Research,AIDS Research and Therapy,https://europepmc.org/article/PMC/PMC11396324,,"Background Large-scale HIV genotype drug resistance study has not been conducted in Chongqing. Methods A retrospective study was conducted on people living with HIV(PLWH) who received HIV-1 genotype resistance testing at Chongqing Public Health Medical Center from May 2016 to June 2023. The HIV-1pol gene was amplified through RT-PCR and analyzed in terms of genotypic drug resistance. Results Of the 3015 PLWH tested for HIV-1 drug resistance, 1405 (46.6%) were resistant to at least one antiviral drug. Among non-nucleoside reverse transcriptase inhibitors (NNRTIs), 43.8% were resistant, compared to 29.5% for nucleoside reverse transcriptase inhibitors (NRTIs) and 3.4% for protease inhibitors (PIs). V179D/E and K103N/S were identified as the common mutation sites in the NNRTIs class of drugs, M184V/I and K65R/N were reported as the most common mutation sites in NRTIs, while thymidine analogue mutation (TAM) group was identified in 373 samples. L10FIV was the most common mutation in PIs. The dominant HIV-1 subtype was CRF07_BC. Conclusions The high prevalence of HIV-1 drug resistance in Chongqing underscores the imperative for rigorous surveillance of the local HIV epidemic. Furthermore, TAMs are associated with HIV-1 multidrug resistance, and timely detection of drug resistance is helpful to reduce the emergence and spread of such drug-resistant strains.",full_texts_100\PMC11396324.txt
PMC10977907,38560608,HLA-A*23 Is Associated With Lower Odds of Acute Retroviral Syndrome in Human Immunodeficiency Virus Type 1 Infection: A Multicenter Sub-Saharan African Study.,"Lindquist L, Kilembe W, Karita E, Price MA, Kamali A, Kaleebu P, Tang J, Allen S, Hunter E, Gilmour J, Rowland-Jones SL, Sanders EJ, Hassan AS, Esbjörnsson J, Esbjörnsson J.",2024,Research,Open Forum Infectious Diseases,https://europepmc.org/article/PMC/PMC10977907,,"Abstract The role of human leukocyte antigen (HLA) class I and killer immunoglobulin-like receptor molecules in mediating acute retroviral syndrome (ARS) during human immunodeficiency virus type 1 (HIV-1) infection is unclear. Among 72 sub-Saharan African adults, HLA-A*23 was associated with lower odds of ARS (adjusted odds ratio, 0.10 [95% confidence interval, .01–.48]; P = .009), which warrants further studies to explore its role on HIV-1–specific immunopathogenesis.",full_texts_100\PMC10977907.txt
PMC11856878,39993074,"Efficacy and safety of switch to bictegravir/emtricitabine/tenofovir alafenamide from dolutegravir/abacavir/lamivudine: Results from an open-label extension of a phase 3 randomized, double-blind, multicenter, active-controlled, non-inferiority study.","Brar I, Ruane PJ, Berhe M, Brinson C, Benson P, Henry K, Liu H, Andreatta K, Hindman JT, Ramgopal M.",2025,Research,Medicine (Baltimore),https://europepmc.org/article/PMC/PMC11856878,,"Background: The phase 3 randomized, active-controlled GS-US-380-1844 (NCT02603120) study evaluated switching to the single-tablet regimen bictegravir, emtricitabine, and tenofovir alafenamide (B/F/TAF) from dolutegravir (DTG), abacavir (ABC), and lamivudine (3TC) among people with HIV-1. Previously, results from the 48-week double-blind phase showed that switching to B/F/TAF was noninferior to remaining on DTG/ABC/3TC and that B/F/TAF was well tolerated. Here, we show the long-term safety and efficacy of switching to B/F/TAF from DTG/ABC/3TC among people with HIV-1. Methods: Participants were virologically suppressed people with HIV-1 (HIV-1 RNA <50 copies/mL for ≥ 3 months prior to screening) receiving DTG/ABC/3TC at baseline. Participants were randomized 1:1 to switch to B/F/TAF or remain on DTG/ABC/3TC. Following 48 weeks of treatment with B/F/TAF or DTG/ABC/3TC in the double-blind phase, participants had the option to enter an open-label extension phase, during which they received B/F/TAF. Virologic, immunologic, and safety outcomes during treatment with B/F/TAF through the open-label extension up to 168 weeks, including preexisting and treatment-emergent resistance, were analyzed. Results: Among 547 participants in the all-B/F/TAF analysis set, virologic suppression (HIV-1 RNA < 50 copies/mL) was maintained in 99% to 100% of participants up to 168 weeks into B/F/TAF treatment, including in those with preexisting resistance; no treatment-emergent resistance was detected. CD4 cell counts remained stable during B/F/TAF treatment, with median (interquartile range) changes from baseline of −17 (−120, 65) cells/µL at week 48 and −9 (−100, 108) cells/µL at week 96. Safety and tolerability findings were consistent with previously reported findings up to week 48; most drug-related adverse events were grade 1 or 2 in severity; no new safety signals were identified. Conclusion: Switching to B/F/TAF from DTG/ABC/3TC was associated with continued high rates of virologic suppression up to week 168, with no treatment-emergent resistance. B/F/TAF was well tolerated throughout the study period.",full_texts_100\PMC11856878.txt
PMC11435826,39340073,HIV Vaccine Development at a Crossroads: New B and T Cell Approaches.,"Govindan R, Stephenson KE.",2024,Review,Vaccines (Basel),https://europepmc.org/article/PMC/PMC11435826,,"Despite rigorous scientific efforts over the forty years since the onset of the global HIV pandemic, a safe and effective HIV-1 vaccine remains elusive. The challenges of HIV vaccine development have proven immense, in large part due to the tremendous sequence diversity of HIV and its ability to escape from antiviral adaptive immune responses. In recent years, several phase 3 efficacy trials have been conducted, testing a similar hypothesis, e.g., that non-neutralizing antibodies and classical cellular immune responses could prevent HIV-1 acquisition. These studies were not successful. As a result, the field has now pivoted to bold novel approaches, including sequential immunization strategies to drive the generation of broadly neutralizing antibodies and human CMV-vectored vaccines to elicit MHC-E-restricted CD8+ T cell responses. Many of these vaccine candidates are now in phase 1 trials, with early promising results.",full_texts_100\PMC11435826.txt
PMC10617395,37747237,Host genetic variation at a locus near CHD1L impacts HIV sequence diversity in a South African population.,"Schulz VE, Tuff JF, Tough RH, Lewis L, Chimukangara B, Garrett N, Abdool Karim Q, Abdool Karim SS, McKinnon LR, Kharsany ABM, McLaren PJ.",2023,Research,Journal of Virology,https://europepmc.org/article/PMC/PMC10617395,,"ABSTRACT There is variability in viral load (VL) among individuals with untreated human immunodeficiency virus (HIV) infection, and this variability can be partly attributed to host genetics. HIV is known to develop escape mutations to evade host immune pressure, particularly from HLA alleles and, in some cases, counteracts the protective effect of host alleles. A recent genome-wide association study (GWAS) of HIV VL in individuals of African ancestry identified a locus on chromosome 1, near the protein-coding gene chromodomain helicase DNA-binding protein 1 like ( CHD1L ), that has a novel association with control of HIV replication. However, not all individuals carrying the protective alleles maintain low VL, and the region’s impact on viral evolution has not been investigated. To address this, we conducted a host-virus regional association analysis in 147 people living with HIV (PLWH) from South Africa with both human and viral genome data available. We observed significant associations between the CHD1L variants rs77029719 (G) ( P = 1.6 × 10 −2 ), rs7519713 (T) ( P = 2.3 × 10 −2 ), and rs59784663 (G) and 73004025 (T) ( P = 1.4 × 10 −2 ) with codon 248 of HIV reverse transcriptase (RT) and between CHD1L variant rs7519713 (T) and codon 18 ( P = 3.2 × 10 −2 ) and 147 ( P = 3.9 × 10 −2 ) of HIV gag. These associations are consistent with viral escape from CHD1L pressure. In addition, we observed significant associations between HLA B*81 ( P = 1.5 × 10 −5 ) and HLA C*18 ( P = 7.0 × 10 −4 ) with RT codon 4 and HLAB*58 with RT codon 196 ( P = 9.0 × 10 −4 ). This study reveals new evidence of host genetic variation impacting viral evolution in a population highly affected by HIV. IMPORTANCE It has been previously shown that genetic variants near CHD1L on chromosome 1 are associated with reduced HIV VL in African populations. However, the impact of these variants on viral diversity and how they restrict viral replication are unknown. We report on a regional association analysis in a South African population and show evidence of selective pressure by variants near CHD1L on HIV RT and gag. Our findings provide further insight into how genetic variability at this locus contributes to host control of HIV in a South African population.",full_texts_100\PMC10617395.txt
PMC10393222,37097752,Multiancestry sex-stratified genomic associations with HIV viral load and controller status from the ICGH.,"Vergara C, Tuff JF, International Collaboration for the Genomics of HIV (ICGH), Fellay J, Duggal P, Scully EP, McLaren PJ.",2023,Research,JCI Insight,https://europepmc.org/article/PMC/PMC10393222,,"Biological sex and host genetics influence HIV pathogenesis. Females have a higher likelihood of spontaneous viral control and lower set point viral load (spVL). No prior studies have assessed sex-specific genetics of HIV. To address this, we performed a sex-stratified genome-wide association study using data from the ICGH. Although it is the largest collection of genomic data in HIV, this multiethnic sample of 9,705 people is 81.3% male. We sought to identify sex-specific genetic variants and genes associated with HIV spVL and control. We confirmed associations in the HLA and CCR5 regions in males and HLA in females. Gene-based analyses detected associations between HIV spVL and PET100 , PCP2 , XAB2 , and STXBP2 only in males. We detected variants with a significant sex-differential effect on spVL in SDC3 and PUM1 (rs10914268) and PSORS1C2 (rs1265159) and on HIV control in SUB1 (rs687659), AL158151.3 , PTPA, and IER5L (rs4387067). Those variants have epigenetic and genetic interactions with relevant genes with both cis and trans effects. In summary, we identified sex-shared associations at the single-variant level, sex-specific associations at the gene-based level, and genetic variants with significant differential effects between the sexes.",full_texts_100\PMC10393222.txt
PMC11730875,39811575,Development of a latency model for HIV-1 subtype C and the impact of long terminal repeat element genetic variation on latency reversal.,"Maikoo S, Palstra RJ, Dong KL, Mahmoudi T, Ndung'u T, Madlala P.",2024,Research,Journal of Virus Eradication,https://europepmc.org/article/PMC/PMC11730875,,"Sub-Saharan Africa accounts for almost 70 % of people living with HIV (PLWH) worldwide, with the greatest numbers centred in South Africa where 98 % of infections are caused by subtype C (HIV-1C). However, HIV-1 subtype B (HIV-1B), prevalent in Europe and North America, has been the focus of most cure research and testing despite making up only 12 % of HIV-1 infections globally. Development of latency models for non-subtype B viruses is a necessary step to address this disproportionate focus. Furthermore, the impact of genetic variation between viral subtypes, specifically within the long terminal repeat (LTR) element of the viral transcriptional promoter on latency reversal, remains unclear. To address this scientific gap, we constructed a minimal genome retroviral vector expressing HIV-1C consensus transactivator of transcription protein (Tat) and green fluorescent protein (GFP) under the control of either HIV-1C consensus LTR (C731CC) or the transmitted/founder (T/F) LTRs derived from PLWH (C T/F 731CC), produced corresponding LTR pseudotyped viruses using a vesicular stomatitis virus (VSV-G) pseudotyped Envelope vector and the pCMVΔR8.91 packaging vector containing HIV-1 accessory and rev genes. Viruses produced in this way were used to infect Jurkat E6 and primary CD4 + T cells in vitro . By enriching for latently infected cells, and treating them with different latency reversing agents, we developed an HIV-1C latency model that demonstrated that the HIV-1C consensus LTR has lower reactivation potential compared to its HIV-1B counterpart. Furthermore, HIV-1C T/F LTR pseudotyped proviral genetic variants exhibited a heterogenous reactivation response which was modulated by host cell (genetic) variation. Our data suggests that genetic variation both within and between HIV-1 subtypes influences latency reversal. Future studies should investigate the specific role of variation in host cellular environment on reactivation differences.",full_texts_100\PMC11730875.txt
PMC11019575,38628675,The Question of HIV Vaccine: Why Is a Solution Not Yet Available?,"Libera M, Caputo V, Laterza G, Moudoud L, Soggiu A, Bonizzi L, Diotti RA.",2024,Review,Journal of Immunology Research,https://europepmc.org/article/PMC/PMC11019575,,"Ever since its discovery, human immunodeficiency virus type 1 (HIV-1) infection has remained a significant public health concern. The number of HIV-1 seropositive individuals currently stands at 40.1 million, yet definitive treatment for the virus is still unavailable on the market. Vaccination has proven to be a potent tool in combating infectious diseases, as evidenced by its success against other pathogens. However, despite ongoing efforts and research, the unique viral characteristics have prevented the development of an effective anti-HIV-1 vaccine. In this review, we aim to provide an historical overview of the various approaches attempted to create an effective anti-HIV-1 vaccine. Our objective is to explore the reasons why specific methods have failed to induce a protective immune response and to analyze the different modalities of immunogen presentation. This trial is registered with NCT05414786 , NCT05471076 , NCT04224701 , and NCT01937455 .",full_texts_100\PMC11019575.txt
PMC11361978,39221258,"Preservation of functionality, immunophenotype, and recovery of HIV RNA from PBMCs cryopreserved for more than 20 years.","Dyer WB, Suzuki K, Levert A, Starr M, Lloyd AR, Zaunders JJ.",2024,Research,Frontiers in Immunology,https://europepmc.org/article/PMC/PMC11361978,,"Background Many research laboratories have long-term repositories of cryopreserved peripheral blood mononuclear cells (PBMC), which are costly to maintain but are of uncertain utility for immunological studies after decades in storage. This study investigated preservation of cell surface phenotypes and in-vitro functional capacity of PBMC from viraemic HIV+ patients and healthy seronegative control subjects, after more than 20 years of cryopreservation. Methods PBMC were assessed by 18-colour flow cytometry for major lymphocyte subsets within T, B, NK, and dendritic cells and monocytes. Markers of T-cell differentiation and activation were compared with original immunophenotyping performed in 1995/1996 on fresh blood at the time of collection. Functionality of PBMC was assessed by culture with influenza antigen or polyclonal T-cell activation, to measure upregulation of activation-induced CD25 and CD134 (OX40) on CD4 T cells and cytokine production at day 2, and proliferative CD25+ CD4 blasts at day 7. RNA was extracted from cultures containing proliferating CD4+ blast cells, and intracellular HIV RNA was measured using short amplicons for both the Double R and pol region pi code assays, whereas long 4-kbp amplicons were sequenced. Results All major lymphocyte and T-cell subpopulations were conserved after long-term cryostorage, except for decreased proportions of activated CD38+HLA-DR+ CD4 and CD8 T cells in PBMC from HIV+ patients. Otherwise, differences in T-cell subpopulations between recent and long-term cryopreserved PBMC primarily reflected donor age-associated or HIV infection-associated effects on phenotypes. Proportions of naïve, memory, and effector subsets of T cells from thawed PBMC correlated with results from the original flow cytometric analysis of respective fresh blood samples. Antigen-specific and polyclonal T-cell responses were readily detected in cryopreserved PBMC from HIV+ patients and healthy control donors. Intracellular HIV RNA quantitation by pi code assay correlated with original plasma viral RNA load results. Full-length intracellular and supernatant-derived amplicons were generated from 5/12 donors, and sequences were ≥80% wild-type, consistent with replication competence. Conclusions This unique study provides strong rationale and validity for using well-maintained biorepositories to support immunovirological research even decades after collection.",full_texts_100\PMC11361978.txt
PMC9531132,36204643,"Inflammasome genetic variants are associated with tuberculosis, HIV-1 infection, and TB/HIV-immune reconstitution inflammatory syndrome outcomes.","de Sá NBR, de Souza NCS, Neira-Goulart M, Ribeiro-Alves M, Da Silva TP, Pilotto JH, Rolla VC, Giacoia-Gripp CBW, de Oliveira Pinto LM, Scott-Algara D, Morgado MG, Teixeira SLM.",2022,Research,Frontiers in Cellular and Infection Microbiology,https://europepmc.org/article/PMC/PMC9531132,,"Background Tuberculosis (TB) and AIDS are the leading causes of infectious diseases death worldwide. Here, we investigated the relationship between from single nucleotide polymorphisms (SNPs) of the NLRP3, CARD8, AIM2, CASP-1, IFI16, and IL-1β inflammasome genes, as well as the profiles of secreted proinflammatory cytokines (e.g., IL-1β, IL-18, IL-33, and IL-6) with the TB clinical profiles, TB-HIV coinfection, and IRIS onset. Methods The individuals were divided into four groups: TB-HIV group (n=88; 11 of them with IRIS), HIV-1 group (n=20), TB group (n=24) and healthy volunteers (HC) group (n=10), and were followed up at INI/FIOCRUZ and HGNI (Rio de Janeiro/Brazil) from 2006 to 2016. Real-time PCR was used to determine the genotypes of the Single Nucleotide Polymorphism (SNPs), and ELISA was used to measure the plasma cytokine levels. Unconditional logistic regression models were used to perform risk estimations. Results A higher risk for extrapulmonary TB was associated with the TT genotype (aOR=6.76; P=0.026) in the NLRP3 rs4612666 Single Nucleotide Polymorphism (SNP) and the C-C-T-G-C haplotype (aOR=4.99; P= 0.017) in the NLRP3 variants. This same Single Nucleotide Polymorphism (SNP) was associated with lower risk against extrapulmonary TB when the carrier allele C (aOR=0.15; P=0.021) was present. Among those with HIV-1 infections, a higher risk for TB onset was associated with the GA genotype (aOR=5.5; P=0.044) in the IL1-β rs1143634 Single Nucleotide Polymorphism (SNP). In contrast, lower risk against TB onset was associated with the A-G haplotype (aOR=0.17; P= 0.026) in the CARD8 variants. Higher IL-6 and IL-33 levels were observed in individuals with TB. A higher risk for IRIS onset was associated with CD8 counts ≤ 500 cells/mm 3 (aOR=12.32; P=0.010), the presence of extrapulmonary TB (aOR=6.6; P=0.038), and the CT genotype (aOR=61.06; P=0.026) or carrier allele T (aOR=61.06; P=0.026) in the AIM2 rs2276405 Single Nucleotide Polymorphism (SNP), whereas lower risk against IRIS onset was associated with the AT genotype (aOR=0.02; P=0.033) or carrier allele T (aOR=0.02; P=0.029) in the CARD8 rs2043211 Single Nucleotide Polymorphism (SNP) and the T-G haplotype (aOR=0.07; P= 0.033) in the CARD8 variants. No other significant associations were observed. Conclusions Our results depict the involvement of genetic polymorphisms of crucial innate immunity genes and proinflammatory cytokines in the clinical outcomes related to TB-HIV coinfection.",full_texts_100\PMC9531132.txt
PMC11064911,38329228,Higher CCR5 density on CD4 + T-cells in mothers and infants is associated with increased risk of in-utero HIV-1 transmission.,"Shalekoff S, Dias BDC, Loubser S, Strehlau R, Kuhn L, Tiemessen CT.",2024,Research,AIDS,https://europepmc.org/article/PMC/PMC11064911,,"Objective: CCR5-tropic viruses are preferentially transmitted during perinatal HIV-1 infection. CCR5 density on CD4 + T-cells likely impacts susceptibility to HIV-1 infection. Design: Fifty-two mother–infant dyads were enrolled. All mothers were living with HIV-1, 27 of the infants acquired HIV-1 in utero and 25 infants remained uninfected. Methods: CCR5 density, together with frequencies of CD4 + and CD8 + T-cells expressing immune activation (CCR5, ICOS and HLA-DR) and immune checkpoint (TIGIT and PD-1) markers, were measured in whole blood from the dyads close to delivery. Results: Compared with mothers who did not transmit, mothers who transmitted HIV-1 had less exposure to ART during pregnancy ( P = 0.015) and higher plasma viral load close to delivery ( P = 0.0005). These mothers, additionally, had higher CCR5 density on CD4 + and CD8 + T-cells and higher frequencies of CCR5, ICOS and TIGIT-expressing CD8 + T-cells. Similarly, compared with infants without HIV-1, infants with HIV-1 had higher CCR5 density on CD4 + and CD8 + T-cells and higher frequencies of CCR5, TIGIT, and PD-1-expressing CD4 + and CD8 + T-cells as well as higher frequencies of HLA-DR-expressing CD8 + T-cells. CCR5 density on maternal CD4 + T-cells remained significantly associated with transmission after adjusting for maternal viral load and CD4 + T cell counts. Mother–infant dyads with shared high CCR5 density phenotypes had the highest risk of transmission/acquisition of infection compared with dyads with shared low-CCR5 density phenotypes. Conclusion: This study provides strong evidence of a protective role for a combined mother–infant low CD4 + T-cell CCR5 density phenotype in in-utero transmission/acquisition of HIV-1.",full_texts_100\PMC11064911.txt
PMC11793794,39874383,Cell-free assays reveal that the HIV-1 capsid protects reverse transcripts from cGAS immune sensing.,"Scott TM, Arnold LM, Powers JA, McCann DA, Rowe AB, Christensen DE, Pereira MJ, Zhou W, Torrez RM, Iwasa JH, Kranzusch PJ, Sundquist WI, Johnson JS.",2025,Research,Plos Pathogens,https://europepmc.org/article/PMC/PMC11793794,,"Retroviruses can be detected by the innate immune sensor cyclic GMP-AMP synthase (cGAS), which recognizes reverse-transcribed DNA and activates an antiviral response. However, the extent to which HIV-1 shields its genome from cGAS recognition remains unclear. To study this process in mechanistic detail, we reconstituted reverse transcription, genome release, and innate immune sensing of HIV-1 in a cell-free system. We found that wild-type HIV-1 capsids protect viral genomes from cGAS even after completing reverse transcription. Viral DNA could be “deprotected” by thermal stress, capsid mutations, or reduced concentrations of inositol hexakisphosphate (IP6) that destabilize the capsid. Strikingly, the capsid inhibitor lenacapavir also disrupted viral cores and dramatically potentiated cGAS activity, both in vitro and in cellular infections. Our results provide biochemical evidence that the HIV-1 capsid lattice conceals the genome from cGAS and that chemical or physical disruption of the viral core can expose HIV-1 DNA and activate innate immune signaling.",full_texts_100\PMC11793794.txt
PMC10684209,37914674,An atlas of immune cell transcriptomes in human immunodeficiency virus-infected immunological non-responders identified marker genes that control viral replication.,"Chen Y, Li X, Liu S, Ao W, Lin J, Li Z, Wu S, Ye H, Han X, Li D.",2023,Research,Chinese Medical Journal,https://europepmc.org/article/PMC/PMC10684209,,"Abstract Background: Previous studies have examined the bulk transcriptome of peripheral blood immune cells in acquired immunodeficiency syndrome patients experiencing immunological non-responsiveness. This study aimed to investigate the characteristics of specific immune cell subtypes in acquired immunodeficiency syndrome patients who exhibit immunological non-responsiveness. Methods: A single-cell transcriptome sequencing of peripheral blood mononuclear cells obtained from both immunological responders (IRs) (CD4 + T-cell count >500) and immunological non-responders (INRs) (CD4 + T-cell count <300) was conducted. The transcriptomic profiles were used to identify distinct cell subpopulations, marker genes, and differentially expressed genes aiming to uncover potential genetic factors associated with immunological non-responsiveness. Results: Among the cellular subpopulations analyzed, the ratios of monocytes, CD16 + monocytes, and exhausted B cells demonstrated the most substantial differences between INRs and IRs, with fold changes of 39.79, 11.08, and 2.71, respectively. In contrast, the CD4 + T cell ratio was significantly decreased (0.39-fold change) in INRs compared with that in IRs. Similarly, the ratios of natural killer cells and terminal effector CD8 + T cells were also lower (0.37-fold and 0.27-fold, respectively) in the INRs group. In addition to several well-characterized immune cell-specific markers, we identified a set of 181 marker genes that were enriched in biological pathways associated with human immunodeficiency virus (HIV) replication. Notably, ISG15 , IFITM3 , PLSCR1 , HLA-DQB1 , CCL3L1 , and DDX5 , which have been demonstrated to influence HIV replication through their interaction with viral proteins, emerged as significant monocyte marker genes. Furthermore, the differentially expressed genes in natural killer cells were also enriched in biological pathways associated with HIV replication. Conclusions: We generated an atlas of immune cell transcriptomes in HIV-infected IRs and INRs. Host genes associated with HIV replication were identified as markers of, and were found to be differentially expressed in, different types of immune cells.",full_texts_100\PMC10684209.txt
PMC10962537,38532838,Mutation patterns of integrase gene affect antiretroviral resistance in various non-B subtypes of human immunodeficiency virus Type-1 and their implications for patients' therapy.,"Djojosugito FA, Arfianti A, Wisaksana R, Indrati AR.",2023,Review,Biomedicine,https://europepmc.org/article/PMC/PMC10962537,,"Although primary integrase strand transfer inhibitor resistance mutations are currently uncommon, the increasing use of integrase strand transfer inhibitor as a key component of the first, second and third-line antiretroviral regimens suggests that the prevalence of integrase drug resistance mutations will likely increase. The rise of several polymorphic mutations and natural polymorphisms also affects the level of susceptibility of human immunodeficiency virus (HIV) type-1 to integrase strand transfer inhibitor. The considerable variability among the various subtypes of human immunodeficiency virus type-1 may contribute to differences in integrase mutations associated with integrase strand transfer inhibitors. Notably, non-B subtypes of HIV type-1 (HIV-1) are the predominant cause of human immunodeficiency virus infection worldwide. The presence of diverse integrase drug resistance mutations can have significant implications on the administration of integrase strand transfer inhibitor-based antiretroviral therapy to patients with human immunodeficiency virus infection.",full_texts_100\PMC10962537.txt
PMC10003039,36902388,"CCR5∆32 and SDF1 3'A: Gene Variants, Expression and Influence on Biological Markers for the Clinical Progression to AIDS among HIV-1 Virus Controllers in a Mixed Population of the Amazon Region of Brazil.","Lima ÉRG, Queiroz MAF, Lima SS, Machado LFA, Cayres-Vallinoto IMV, Vallinoto ACR, Figueiredo FAPL, Guerreiro JF, Guimarães Ishak MO, Ishak R.",2023,Research,International Journal of Molecular Sciences,https://europepmc.org/article/PMC/PMC10003039,,"CCR5Δ32 and SDF1-3′A polymorphisms were investigated in a cohort of viremia controllers, without the use of therapy, along with their influence on CD4+ T lymphocytes (TLs), CD8+ TLs, and plasma viral load (VL). The samples were analyzed from 32 HIV-1-infected individuals classified as viremia controllers 1 and 2 and viremia non-controllers, from both sexes, mostly heterosexuals, paired with 300 individuals from a control group. CCR5∆32 polymorphism was identified by PCR amplification of a fragment of 189 bp for the wild-type allele and 157 bp for the allele with the ∆32 deletion. SDF1-3′A polymorphism was identified by PCR, followed by enzymatic digestion (restriction fragment length polymorphism) with the Msp I enzyme. The relative quantification of gene expression was performed by real-time PCR. The distribution of allele and genotype frequencies did not show significant differences between the groups. The gene expression of CCR5 and SDF1 was not different between the profiles of AIDS progression. There was no significant correlation between the progression markers (CD4+ TL/CD8+ TL and VL) and the CCR5∆32 polymorphism carrier status. The 3′A allele variant was associated with a marked loss of CD4+ TLs and a higher plasma VL. Neither CCR5∆32 nor SDF1-3′A was associated with viremia control or the controlling phenotype.",full_texts_100\PMC10003039.txt
PMC11337606,39169357,Beyond glycan barriers: non-cognate ligands and protein mimicry approaches to elicit broadly neutralizing antibodies for HIV-1.,"Walimbwa SI, Maly P, Kafkova LR, Raska M.",2024,Review,Journal of Biomedical Science,https://europepmc.org/article/PMC/PMC11337606,,"Human immunodeficiency virus type 1 (HIV-1) vaccine immunogens capable of inducing broadly neutralizing antibodies (bNAbs) remain obscure. HIV-1 evades immune responses through enormous diversity and hides its conserved vulnerable epitopes on the envelope glycoprotein (Env) by displaying an extensive immunodominant glycan shield. In elite HIV-1 viremic controllers, glycan-dependent bNAbs targeting conserved Env epitopes have been isolated and are utilized as vaccine design templates. However, immunological tolerance mechanisms limit the development of these antibodies in the general population. The well characterized bNAbs monoclonal variants frequently exhibit extensive levels of somatic hypermutation, a long third heavy chain complementary determining region, or a short third light chain complementarity determining region, and some exhibit poly-reactivity to autoantigens. This review elaborates on the obstacles to engaging and manipulating the Env glycoprotein as an effective immunogen and describes an alternative reverse vaccinology approach to develop a novel category of bNAb-epitope-derived non-cognate immunogens for HIV-1 vaccine design. Graphical Abstract",full_texts_100\PMC11337606.txt
PMC11877617,39805095,Sex Affects Cognitive Outcomes in HIV-1 Tat Transgenic Mice: Role of CCR5.,"Simons CA, Kim S, Hahn YK, Boake-Agyei A, Nass SR, Vo P, Hauser KF, Knapp PE.",2025,Research,ASN Neuro,https://europepmc.org/article/PMC/PMC11877617,,"Abstract People living with HIV (PLWH) experience HIV-associated neurocognitive disorders (HAND), even though combination antiretroviral therapy (cART) suppresses HIV replication. HIV-1 transactivator of transcription (HIV-1 Tat) contributes to the development of HAND through neuroinflammatory and neurotoxic mechanisms. C-C chemokine 5 receptor (CCR5) is important in immune cell targeting and is a co-receptor for HIV viral entry into CD4+ cells. Notably, CCR5 has been implicated in cognition unrelated to HIV infection. Inhibition of CCR5 has been shown to improve learning and memory. To test whether CCR5 is involved in cognitive changes in HAND, we used a non-infectious, transgenic model in which HIV-1 Tat is inducibly expressed. Well-powered cohorts of male and female mice were placed on a diet containing doxycycline to induce Tat expression for 8-wks. Males showed Tat-mediated deficits in the Barnes maze test of spatial learning and memory; females showed no impairments. Deficits in the males were fully reversed by the CCR5 antagonist, maraviroc (MVC). Tat-mediated deficits were not found in novel object recognition or contextual fear conditioning in either sex. Based on earlier work, we hypothesized that MVC might increase brain-derived neurotrophic factor (BDNF), which is essential in maintaining synaptodendritic function. MVC did increase the mBDNF to proBDNF ratio in males, perhaps contributing to improved cognition.",full_texts_100\PMC11877617.txt
PMC11209583,38932142,Premature Activation of the HIV-1 Protease Is Influenced by Polymorphisms in the Hinge Region.,"Tabler CO, Wegman SJ, Alhusaini N, Lee NF, Tilton JC.",2024,Research,Viruses,https://europepmc.org/article/PMC/PMC11209583,,"HIV-1 protease inhibitors are an essential component of antiretroviral therapy. However, drug resistance is a pervasive issue motivating a persistent search for novel therapies. Recent reports found that when protease activates within the host cell’s cytosol, it facilitates the pyroptotic killing of infected cells. This has led to speculation that promoting protease activation, rather than inhibiting it, could help to eradicate infected cells and potentially cure HIV-1 infection. Here, we used a nanoscale flow cytometry-based assay to characterize protease resistance mutations and polymorphisms. We quantified protease activity, viral concentration, and premature protease activation and confirmed previous findings that major resistance mutations generally destabilize the protease structure. Intriguingly, we found evidence that common polymorphisms in the hinge domain of protease can influence its susceptibility to premature activation. This suggests that viral heterogeneity could pose a considerable challenge for therapeutic strategies aimed at inducing premature protease activation in the future.",full_texts_100\PMC11209583.txt
PMC11707138,39774003,High frequency CCR5 editing in human hematopoietic stem progenitor cells protects xenograft mice from HIV infection.,"Claiborne DT, Detwiler Z, Docken SS, Borland TD, Cromer D, Simkhovich A, Ophinni Y, Okawa K, Bateson T, Chen T, Hudson W, Trifonova R, Davenport MP, Ho TW, Boutwell CL, Allen TM.",2025,Research,Nature Communications,https://europepmc.org/article/PMC/PMC11707138,,"The only cure of HIV has been achieved in a small number of people who received a hematopoietic stem cell transplant (HSCT) comprising allogeneic cells carrying a rare, naturally occurring, homozygous deletion in the CCR5 gene. The rarity of the mutation and the significant morbidity and mortality of such allogeneic transplants precludes widespread adoption of this HIV cure. Here, we show the application of CRISPR/Cas9 to achieve >90% CCR5 editing in human, mobilized hematopoietic stem progenitor cells (HSPC), resulting in a transplant that undergoes normal hematopoiesis, produces CCR5 null T cells, and renders xenograft mice refractory to HIV infection. Titration studies transplanting decreasing frequencies of CCR5 edited HSPCs demonstrate that <90% CCR5 editing confers decreasing protective benefit that becomes negligible between 54% and 26%. Our study demonstrates the feasibility of using CRISPR/Cas9/RNP to produce an HSPC transplant with high frequency CCR5 editing that is refractory to HIV replication. These results raise the potential of using CRISPR/Cas9 to produce a curative autologous HSCT and bring us closer to the development of a cure for HIV infection.",full_texts_100\PMC11707138.txt
PMC11456729,39377030,"Lack of Resistance Mutations to the Novel HIV-1 Capsid Inhibitor Lenacapavir Among People Living with HIV in Guangdong, China.","Lin Y, Ling X, Li L, Xin R, Hu F, Li J, Li J, Li F, Lan Y.",2024,Research,Infection and Drug Resistance,https://europepmc.org/article/PMC/PMC11456729,,"Background The capsid inhibitor (CAI) lenacapavir (LEN) was approved for use in 2022, yet there are few reports about its drug resistance mutations (DRMs) and sensitivity. Purpose To delineate the prevalence of CAI DRMs and drug susceptibility among HIV-1 infected individuals living in Guangdong, China. Patients and Methods A total of 1035 individuals with HIV-1 infection, including 660 highly Active Anti-Retroviral Therapy (HAART) naive individuals and 375 hAART experienced individuals whose protease (PR)/ reverse transcriptase (RT) fragments were amplified successfully during drug resistance surveillance between October 2021 and December 2023, were randomly included in this study. The entire HIV-1 gag gene was amplified from plasma in LEN-naive individuals with or without antiretroviral therapy. The epidemiological and demographic information of the enrolled individuals were collected. The Stanford HIV Drug Resistance Database HIVdb program for Capsid was used to interpret the CAI DRMs and the LEN susceptibility. Results Among 1035 samples, 805 gag sequences were amplified, sequenced and assembled successfully from 518 hAART drugs naive individuals and 287 hAART drugs experienced individuals. Among them, 0.50% (4/805) carried at least one CAI DRM, of which 0.19% (1/518) from HAART naive individuals and 1.05% (3/287) from HAART experienced individuals. Among the individuals with CAI DRMs, two patients carried CAI major mutations (Q67H) conferring intermediate resistance to LEN and two patients carried CAI accessory mutation (T107A) conferring low level resistance to LEN. Conclusion Extremely low prevalence of CAI DRMs was detected among people living with HIV (PLWH) in Guangdong, China. Our observations indicate that LEN application may be promising when used in clinical practice in China. Before the administration of LEN, there is no need to consider detecting CAI mutations in PLWH through DRM examination for the time being.",full_texts_100\PMC11456729.txt
PMC11601940,39470739,HIV-1 latency reversal agent boosting is not limited by opioid use.,"Lilie T, Bouzy J, Asundi A, Taylor J, Roche S, Olson A, Coxen K, Corry H, Jordan H, Clayton K, Lin N, Tsibris A.",2024,Research,JCI Insight,https://europepmc.org/article/PMC/PMC11601940,,"Opioid use may affect the HIV-1 reservoir and its reversal from latency. We studied 47 virally suppressed people with HIV (PWH) and observed that lower concentration of HIV-1 latency reversal agents (LRAs), used with small molecules that did not reverse latency, synergistically increased the magnitude of HIV-1 reactivation ex vivo, regardless of opioid use. This LRA boosting, which combined a second mitochondria-derived activator of caspases mimetic or low-dose PKC agonist with histone deacetylase inhibitors, generated more unspliced HIV-1 transcription than PMA with ionomycin (PMAi), the maximal known HIV-1 reactivator. LRA boosting associated with greater histone acetylation, modulated surface activation-induced markers, and altered T cell production of TNF-α, IL-2, and IFN-γ. HIV-1 reservoirs in PWH contained unspliced and polyadenylated virus mRNA, the ratios of which were greater in resting than total CD4 + T cells and corrected to 1:1 with PMAi exposure. We characterized treated suppressed HIV-1 infection as a period of inefficient, not absent, virus transcription. Multiply spliced HIV-1 transcripts and virion production did not consistently increase with LRA boosting, suggesting the presence of a persistent posttranscriptional block. LRA boosting can be leveraged to probe mechanisms of an effective cellular HIV-1 latency reversal program.",full_texts_100\PMC11601940.txt
PMC10589889,37867946,HIV-1 protective epitope-specific CD8 T cells in HIV-1-exposed seronegative individuals.,"Chikata T, Gatanaga H, Nguyen HT, Mizushima D, Zhang Y, Kuse N, Oka S, Takiguchi M.",2023,Research,iScience,https://europepmc.org/article/PMC/PMC10589889,,"Summary Although previous studies have reported HIV-1-specific T cell responses in HIV-1-exposed seronegative (HESN) individuals, there has been no detailed analysis of these T cells against HIV-1 infection. We investigated HIV-1-specific CD8 + T cell responses in 200 Japanese HESN men who have sex with men (MSM). T cell responses to 143 well-characterized HIV-1 epitope peptides were analyzed by intracellular cytokine staining assay consisting of 3-week cultures of PBMCs stimulated with peptides. HLA-B∗51:01-restricted Pol TI8-specific and HLA-A∗02:06-restricted Pol SV9-specific CD8 + T cells were identified in two and one individuals, respectively, whereas CD8 + T cells specific for other HLA-A∗02:06-restricted or HLA-B∗51:01 epitopes were not present in these individuals. These epitope-specific T cells recognized HIV-1-infected cells. Because these two epitopes were previously reported to be protective in HIV-1-infected individuals, these protective epitope-specific T cells might suppress HIV-1 replication in HESN-MSM individuals. The present study suggests the contribution of protective epitope-specific T cells to protection against HIV-1 infection.",full_texts_100\PMC10589889.txt
PMC11599105,39599828,A Sensitivity and Consistency Comparison Between Next-Generation Sequencing and Sanger Sequencing in HIV-1 Pretreatment Drug Resistance Testing.,"Zhou Y, Ouyang F, Liu X, Lu J, Hu H, Sun Q, Yang H.",2024,Research,Viruses,https://europepmc.org/article/PMC/PMC11599105,,"Next-generation sequencing (NGS) for HIV drug resistance (DR) testing has an increasing number of applications for the detection of low-abundance drug-resistant variants (LA-DRVs) in regard to its features as a quasi-species. However, there is less information on its detection performance in DR detection with NGS. To determine the feasibility of using NGS technology in LA-DRV detection for HIV-1 pretreatment drug resistance, 80 HIV-infected individuals who had never undergone antiretroviral therapy were subjected to both NGS and Sanger sequencing (SS) in HIV-1 drug resistance testing. The results reported in this study show that NGS exhibits higher sensitivity for drug resistance identification than SS at a 5% detection threshold. NGS showed a better consistency compared with that of SS for both protease inhibitors (PIs) and integrase inhibitors (INSTIs), with a figure amounting to more than 90%, but worse consistency in nucleotide reverse transcriptase inhibitors (NRTIs), with a consistency ranging from only 61.25% to 87.50%. The consistency of non-nucleotide reverse transcriptase inhibitors (NNRTIs) between NGS and SS was around 85%. NGS showed the highest sensitivity of 87.0% at a 5% threshold. The application of NGS technology in HIV-1 genotype resistance detection in different populations infected with HIV requires further documentation and validation.",full_texts_100\PMC11599105.txt
PMC11192919,38906865,RPLP1 restricts HIV-1 transcription by disrupting C/EBPβ binding to the LTR.,"Yang W, Wang H, Li Z, Zhang L, Liu J, Kirchhoff F, Huan C, Zhang W.",2024,Research,Nature Communications,https://europepmc.org/article/PMC/PMC11192919,,"Long-term non-progressors (LTNPs) of HIV-1 infection may provide important insights into mechanisms involved in viral control and pathogenesis. Here, our results suggest that the ribosomal protein lateral stalk subunit P1 (RPLP1) is expressed at higher levels in LTNPs compared to regular progressors (RPs). Functionally, RPLP1 inhibits transcription of clade B HIV-1 strains by occupying the C/EBPβ binding sites in the viral long terminal repeat (LTR). This interaction requires the α-helixes 2 and 4 domains of RPLP1 and is evaded by HIV-1 group M subtype C and group N, O and P strains that do not require C/EBPβ for transcription. We further demonstrate that HIV-1-induced translocation of RPLP1 from the cytoplasm to the nucleus is essential for antiviral activity. Finally, knock-down of RPLP1 promotes reactivation of latent HIV-1 proviruses. Thus, RPLP1 may play a role in the maintenance of HIV-1 latency and resistance to RPLP1 restriction may contribute to the effective spread of clade C HIV-1 strains.",full_texts_100\PMC11192919.txt
PMC10120306,37192909,Structural basis of the TCR-pHLA complex provides insights into the unconventional recognition of CDR3β in TCR cross-reactivity and alloreactivity.,"San D, Lei J, Liu Y, Jing B, Ye X, Wei P, Paek C, Yang Y, Zhou J, Chen P, Wang H, Chen Y, Yin L.",2023,Research,Cell Insight,https://europepmc.org/article/PMC/PMC10120306,,"Evidence shows that some class I human leucocyte antigen (HLA) alleles are related to durable HIV controls. The T18A TCR, which has the alloreactivity between HLA-B∗42:01 and HLA-B∗81:01 and the cross-reactivity with different antigen mutants, can sustain long-term HIV controls. Here the structural basis of the T18A TCR binding to the immunodominant HIV epitope TL9 (TPQDLNTML180-188) presented by HLA-B∗42:01 was determined and compared to T18A TCR binding to the TL9 presented by the allo-HLA-B∗81:01. For differences between HLA-B∗42:01 and HLA-B∗81:01, the CDR1α and CDR3α loops adopt a small rearrangement to accommodate them. For different conformations of the TL9 presented by different HLA alleles, not like the conventional recognition of CDR3s to interact with peptide antigens, CDR3β of the T18A TCR shifts to avoid the peptide antigen but intensively recognizes the HLA only, which is different with other conventional TCR structures. Featured sequence pairs of CDR3β and HLA might account for this and were additionally found in multiple other diseases indicating the popularity of the unconventional recognition pattern which would give insights into the control of diseases with epitope mutating such as HIV.",full_texts_100\PMC10120306.txt
PMC11476370,39411499,"Distinct Clusters of HIV-1 CRF01_AE in Zhejiang, China: High-Risk Transmission Cluster 4 Requires Heightened Surveillance.","Dai B, Peng X, Sun J, Zhu X, Liu X, Xiong Y, Wan Z, Xiang D, Hui J, Ying C, Liu H, Zhu B.",2024,Research,Infection and Drug Resistance,https://europepmc.org/article/PMC/PMC11476370,,"Background HIV-1 CRF01_AE is becoming the predominant HIV-1 subtype among patients in China. The distribution and characteristics of transmission clusters of HIV-1 CRF01_AE in Zhejiang, Eastern China remains unclear. This study analyzed the epidemiologic characteristics and transmission clusters of HIV-1 CRF01_AE in Zhejiang. Methods Plasma samples obtained from 152 patients of HIV-1 CRF01_AE not undergoing ART were used to amplify HIV-1 pol and env gene. CRF01_AE drug resistance mutations (DRM) prevalence was analysed using Stanford University’s HIV Drug Resistance Database. A phylogenetic tree was constructed using FastTree (version 2.1.11) based on the GTR nucleotide substitution model and visualized using Figtree (version 1.4.4) and The Interactive Tree of Life; the Chinese HIV Gene Sequence Data Platform was used to construct genetic transmission networks. Results Majority samples could be grouped into CRF01_AE transmission Clusters 1 (11.2%), 4 (64.5%), and 5 (7.2%). The CD4+ T-cell counts in Cluster 1, 4a, 4b are lower than 5 were 15, 38, 30, and 248 cells/mm 3 , respectively ( P < 0.05). The high X4 tropism rates were 13.2%, 11.8%, 20.0%, and 0.0% in Clusters 1, 4a, 4b, and 5, respectively. DRM rates in Clusters 4a and 4b were 17.6%, and 25.45% respectively ( P < 0.05), whereas they were 17.6% and 18.2% in Clusters 1 and 5, respectively. In total, 24 transmission genetic networks, comprising 72 sequences and 61 links, were discovered; of them, 61.2%, 11.7%, and 18.2% were from Clusters 4, 1, and 5, respectively ( P < 0.05). Conclusion In Zhejiang, different CRF01_AE clusters displayed unique clinic features. Cluster 4, particularly Cluster 4b, was considered a high-risk transmission cluster. The surveillance of epidemiology of HIV-1 should be enhanced to minimize its transmission.",full_texts_100\PMC11476370.txt
PMC10253649,37298611,TREX1 531C/T Polymorphism and Autoantibodies Associated with the Immune Status of HIV-1-Infected Individuals.,"Queiroz MAF, Moura TCF, Bichara CDA, Lima LLP, Oliveira AQT, Souza RG, Gomes STM, Amoras EDSG, Vallinoto ACR.",2023,Research,International Journal of Molecular Sciences,https://europepmc.org/article/PMC/PMC10253649,,"Autoimmune diseases can develop during HIV-1 infection, mainly related to the individual’s immune competence. The study investigated the association of the TREX1 531C/T polymorphism and antinuclear antibodies (ANA) in HIV-1 infection and the time of antiretroviral therapy (ART) used. Cross-sectional and longitudinal assessments were carried out in 150 individuals, divided into three groups: ART-naïve, 5 years and 10 years on ART; ART-naïve individuals were evaluated for 2 years after initiation of treatment. The individuals’ blood samples were submitted to indirect immunofluorescence tests, real-time PCR and flow cytometry. The TREX1 531C/T polymorphism was associated with higher levels of TCD4 + lymphocytes and IFN-α in individuals with HIV-1. Individuals on ART had a higher frequency of ANA, higher levels of T CD4 + lymphocytes, a higher ratio of T CD4 + /CD8 + lymphocytes and higher levels of IFN-α than therapy-naïve individuals ( p < 0.05). The TREX1 531C/T polymorphism was associated with better maintenance of the immune status of individuals with HIV-1 and ANA with immune restoration in individuals on ART, indicating the need to identify individuals at risk of developing an autoimmune disease.",full_texts_100\PMC10253649.txt
PMC9067526,35481423,IFNL4 genotype influences the rate of HIV-1 seroconversion in men who have sex with men.,"Meza G, Galián F, Jaimes-Bernal C, Márquez FJ, Sinangil F, Scagnolari C, Real LM, Forthal D, Caruz A.",2022,Research,Virulence,https://europepmc.org/article/PMC/PMC9067526,,"ABSTRACT Individuals lacking interferon lambda 4 (IFNL4) protein due to a common null mutation (rs368234815) in the IFNL4 gene display higher resistance against several infections. The influence of IFNL4 on HIV-1 infection is still under discussion and conflicting results have been reported. This study intended to corroborate or refute the association of the null allele of IFNL4 and HIV-1 predisposition in a cohort of men who have sex with men (MSM). IFNL4 null genotype was assessed on 619 HIV-1-seronegative MSM who were followed for 36 months during a trial of a prophylactic vaccine against HIV-1. Of those, 257 individuals seroconverted during this period. A logistic regression model was constructed including demographic and IFNL4 genotype. In addition, a meta-analysis using data from the current study and other European populations was conducted. The null IFNL4 genotypes were correlated with lower HIV-1 seroconversion (Adjusted OR = 0.4 [95%CI: 0.2–0.8], P = 0.008) and longer time to seroconversion (889 vs. 938 days, P= 0.01). These results were validated by a meta-analysis incorporating data from other European populations and the result yielded a significant association of the IFNL4 null genotype under a dominant model with a lower probability of HIV-1 infection (OR=0.4 [95% CI: 0.3-0.6]; P= 1.3 x 10E-5).",full_texts_100\PMC9067526.txt
PMC11844840,39823525,The nuclear localization signal of CPSF6 governs post-nuclear import steps of HIV-1 infection.,"Rohlfes N, Radhakrishnan R, Singh PK, Bedwell GJ, Engelman AN, Dharan A, Campbell EM.",2025,Research,Plos Pathogens,https://europepmc.org/article/PMC/PMC11844840,,"The early stages of HIV-1 infection include the trafficking of the viral core into the nucleus of infected cells. However, much remains to be understood about how HIV-1 accomplishes nuclear import and the consequences of the import pathways utilized on nuclear events. The host factor cleavage and polyadenylation specificity factor 6 (CPSF6) assists HIV-1 nuclear localization and post-entry integration targeting. Here, we used a CPSF6 truncation mutant lacking a functional nuclear localization signal (NLS), CPSF6-358, and appended heterologous NLSs to rescue nuclear localization. We show that some, but not all, NLSs drive CPSF6-358 into the nucleus. Interestingly, we found that some nuclear localized CPSF6-NLS chimeras supported inefficient HIV-1 infection. We found that HIV-1 still enters the nucleus in these cell lines but fails to traffic to speckle-associated domains (SPADs). Additionally, we show that HIV-1 fails to efficiently integrate in these cell lines. Collectively, our results demonstrate that the NLS of CPSF6 facilitates steps of HIV-1 infection subsequent to nuclear import and additionally identify the ability of canonical NLS sequences to influence cargo localization in the nucleus following nuclear import.",full_texts_100\PMC11844840.txt
PMC11650126,39691355,Initial HIV-1 viral load in French Guiana: Factors associated with viral load set point differences.,"Lucarelli A, Rabier S, Vergeade F, Guedj ME, Vaz T, Cisse H, Epelboin L, Abboud P, Turnier PL, Djossou F, Michaud C, Delin C, Divino F, Verin K, Bienvenu K, Adenis A, Nacher M.",2024,Research,IJID Regions,https://europepmc.org/article/PMC/PMC11650126,,"Highlights • In French Guiana, three-quarters of HIV infections concern foreign persons. • Viral load at diagnosis differed between sexes, nationalities, ages, and subtypes. • This initial viral load reflects viral load setpoints of different HIV lineages. • This questions the extrapolability of the cluster of differentiation 4 erosion modeling assumptions.",full_texts_100\PMC11650126.txt
PMC9162874,35664353,Human Leukocyte Antigen (HLA) System: Genetics and Association with Bacterial and Viral Infections.,"Medhasi S, Chantratita N.",2022,Review,Journal of Immunology Research,https://europepmc.org/article/PMC/PMC9162874,,"The human leukocyte antigen (HLA) system is one of the most crucial host factors influencing disease progression in bacterial and viral infections. This review provides the basic concepts of the structure and function of HLA molecules in humans. Here, we highlight the main findings on the associations between HLA class I and class II alleles and susceptibility to important infectious diseases such as tuberculosis, leprosy, melioidosis, Staphylococcus aureus infection, human immunodeficiency virus infection, coronavirus disease 2019, hepatitis B, and hepatitis C in populations worldwide. Finally, we discuss challenges in HLA typing to predict disease outcomes in clinical implementation. Evaluation of the impact of HLA variants on the outcome of bacterial and viral infections would improve the understanding of pathogenesis and identify those at risk from infectious diseases in distinct populations and may improve the individual treatment.",full_texts_100\PMC9162874.txt
PMC11546959,39519306,Identifying the HIV-Resistance-Related Factors and Regulatory Network via Multi-Omics Analyses.,"Long X, Liu G, Liu X, Zhang C, Shi L, Zhu Z.",2024,Research,International Journal of Molecular Sciences,https://europepmc.org/article/PMC/PMC11546959,,"For research on HIV/AIDS, it is important to elucidate the complex viral-host interaction, host dependency factors (HDFs), and restriction factors. However, the regulatory network of HIV-resistance-related factors remains not well understood. Therefore, we integrated four publicly available HIV-related transcriptome datasets, along with three datasets on HIV-infection-related DNA methylation, miRNA, and ChIP-seq, to predict the factors influencing HIV resistance and infection. Our approach involved differential analysis, functional annotation, and protein-protein interaction network analysis. Through comprehensive analyses, we identified 25 potential HIV-resistance-related genes (including shared EGF) and 24 HIV-infection-related hub genes (including shared JUN). Additionally, we pinpointed five key differentially methylated genes, five crucial differentially expressed microRNAs, and five significant pathways associated with HIV resistance. We mapped the potential regulatory pathways involving these HIV-resistance-related factors. Among the predicted factors, RHOA, RAD51, GATA1, IRF4, and CXCL8 have been validated as HDFs or restriction factors. The identified factors, such as JUN, EGF, and PLEK, are potential HDFs or restriction factors. This study uncovers the gene signatures and regulatory networks associated with HIV-1 resistance, suggesting potential targets for the development of new therapies against HIV/AIDS.",full_texts_100\PMC11546959.txt
PMC11861162,40007032,Heterologous Immunization with Improved HIV-1 Subtype C Vaccines Elicit Autologous Tier 2 Neutralizing Antibodies with Rapid Viral Replication Control After SHIV Challenge.,"Chege GK, Chapman RE, Keyser AT, Adams CH, Benn K, van Diepen MT, Douglass N, Lambson B, Hermanus T, Moore PL, Williamson AL.",2025,Research,Viruses,https://europepmc.org/article/PMC/PMC11861162,,"We previously reported on HIV vaccines that elicited autologous Tier 2 neutralizing antibodies (nAbs) in rabbits. In the current study, we sought to establish a proof of concept that HIV vaccines using identical designs elicit Tier 2 nAbs in arhesus macaque (RM) model. DNA and MVA vaccines expressing SIV Gag and HIV-1 Env antigens were constructed, and in vitro expression was confirmed. A soluble envelope protein (gp140 Env) was expressed from a stable HEK293 cell line and purified using lectin affinity and size exclusion chromatography. The expression and secretion of SIV Gag and HIV-1 Env by the DNA and MVA vaccines was verified in vitro. Five RMs were inoculated with two DNA, followed by two MVA, and finally with two gp140 Env vaccines at weeks 0, 4, 8, 12, 20 and 28. Vaccine-induced T cell immunity was measured by IFN-γ ELISpot while nAbs were evaluated against MW965 (Tier 1A), 6644 (Tier 1B), autologous ZM109.5A and a closely-related ZM109.B4 (Tier 2) pseudovirions. Vaccinated RMs were challenged intrarectally with simian-human immunodeficiency virus (SHIV), four weeks after the final vaccination, as was an unvaccinated control group ( n = 4). Following vaccination, all the animals developed moderate IFN-γ ELISpot responses after the DNA vaccinations which were boosted by the MVA vaccine. After the gp140 Env boost, all animals developed nAbs with peak median titres at 762 (MW965) and 263 (ZM109.5A). The vaccinated animals became infected after a similar number of challenges to the unvaccinated controls, and the resultant number of viral copies in the blood and the lymphoid tissues were similar. However, the duration of detectable viraemia in the vaccinated animals (median: 2 weeks) was shorter than the controls (median: 8.5 weeks). These data show that the vaccines elicited robust cellular and functional humoral immune responses that resulted in a quicker control of viraemia.",full_texts_100\PMC11861162.txt
PMC11240372,38994942,Sensing of an HIV-1-Derived Single-Stranded RNA-Oligonucleotide Induces Arginase 1-Mediated Tolerance.,"Suvieri C, Mondanelli G, Orabona C, Pallotta MT, Panfili E, Rossini S, Volpi C, Belladonna ML.",2024,Research,Cells,https://europepmc.org/article/PMC/PMC11240372,,"Small synthetic oligodeoxynucleotides (ODNs) can mimic microbial nucleic acids by interacting with receptor systems and promoting immunostimulatory activities. Nevertheless, some ODNs can act differently on the plasmacytoid dendritic cell (pDC) subset, shaping their immunoregulatory properties and rendering them suitable immunotherapeutic tools in several clinical settings for treating overwhelming immune responses. We designed HIV–1–derived, DNA- and RNA-based oligonucleotides (gag, pol, and U5 regions) and assessed their activity in conferring a tolerogenic phenotype to pDCs in skin test experiments. RNA-but not DNA-oligonucleotides are capable of inducing tolerogenic features in pDCs. Interestingly, sensing the HIV–1–derived single-stranded RNA-gag oligonucleotide (RNA-gag) requires both TLR3 and TLR7 and the engagement of the TRIF adaptor molecule. Moreover, the induction of a suppressive phenotype in pDCs by RNA-gag is contingent upon the induction and activation of the immunosuppressive enzyme Arginase 1. Thus, our data suggest that sensing of the synthetic RNA-gag oligonucleotide in pDCs can induce a suppressive phenotype in pDCs, a property rendering RNA-gag a potential tool for therapeutic strategies in allergies and autoimmune diseases.",full_texts_100\PMC11240372.txt
