paper_id,host_genetic_factor,gene,variant_type,variant_id,population,factor_type,association,quote,quote_location 
PMC11702083,HLA-B*57:01,HLA-B,HLA Allele,B*57:01,European ancestry,Protective,Resistance,"Our findings related to HLA-B*57:01 are particularly noteworthy, as they strongly suggest an association between this allele and a reduced natural killer (NK) cell activity characterized by a mutated MICA allele and decreased MICB expression, along with increased production of HERV-K possibly interfering with HIV-1 multiplication.",Conclusion
PMC11702083,rs9264942,HLA-C,SNP,rs9264942,European ancestry,Protective,Resistance," When testing SNPs within the haploblock as covariates in the association analysis, we found that SNP rs9264942 was the primary cause of this decrease. This finding demonstrates that the strong association observed for HLA-B57:01 is partly due to the effect of rs9264942, corroborating our previous work that identified additional functional SNPs within the large haploblock of HLA-B57:01.",Discussion
PMC11702083,rs150908530,RNF39,SNP,rs150908530,European ancestry,Protective,Resistance,"Through meticulous mapping of the LD between all identified signals and employing reciprocal covariate analyses, we delineated a final set of 6 independent SNPs and 3 HLA class I gene alleles that accounted for most of the associations observed with EC.",Results
PMC11702083,rs79972666,MUC22,SNP,rs79972666,European ancestry,Protective,Resistance,"Interestingly, the SNP rs79972666 is associated with overexpression of MICB (Table 5 ), and based on our hypothesis, this may hinder NK cell activity during early stages of infection.",Results
PMC11702083,rs9468885,CCHCR1,SNP,rs9468885,European ancestry,Protective,Resistance,"Our final analysis yielded six SNPs and three HLA class I alleles (Fig. 2 C): rs9264942, rs150908530, rs1233396, rs79972666, rs9468885, rs1894406, HLA-B57:01, HLA-B27, and HLA-A*29, for which we constructed their haploblocks. They represent a synthesis of the statistical effects observed in the initial 2,626 signals, demonstrating our success in reducing the complexity of the original GWAS",Discussion
PMC11702083,rs1894406,TAP2,SNP,rs1894406,European ancestry,Protective,Resistance,"SNP rs1894406 is associated with a mutation in TAP2 (T665A). TAP2, a 686 AA protein, is a key component of HLA presentation since it helps load the peptides onto the HLA molecules in the endoplasmic reticulum.",Results
PMC11702083,HLA-B*27,HLA-B,HLA Allele,B*27,European ancestry,Protective,Resistance,Of course HLA-B*27 allele itself is a good candidate as protein presenting peptides to the immune response.,Results
PMC11702083,rs1233396,PPP1R18,SNP,rs1233396,European ancestry,Risk,Progression,"A global analysis shows that SNPs favoring EC are all associated with increased expression of HLA genes and pseudogenes (HLA-B, HLA-V, and HLA-S), while rs1233396, which prevents EC, is associated with decreased expression of HLA-T.",Discussion
PMC11702083,HLA-A*29,HLA-A,HLA Allele,A*29,European ancestry,Risk,Progression,"HLA-A*29 presents a large haploblock and we could look at his potentially impacting variants in Table 5 ... There is no clue to understand how this point mutation may impact RNF39 function since D and N are close amino-acids, and this mutation is clearly less convincing than the P260A identified for rs15908530 ... HLA-A29 the gene expression profiles does not present very low p values, except for HCG18. It is a lncRNA which has been related to colorectal cancer but not to AIDS. It may be effective in AIDS but it is difficult to provide an interpretation through the scientific literature, in spite of the relatively high expression log ratio of 0.53 (Table 6)",Results 
PMC11702083,MICA*017,MICA,Allele,MICA*017,European ancestry,Protective,Resistance,"MICA*017 mutant allele [5] with an impaired function (mutation and/or absence of shedding) that should limit the blockade of NK cells caused by the MICA/B shedding induced by HIV-1 infection [34,35].",Results
PMC11702083,PPP1R18 G339R,PPP1R18,Mutation,G339R,European ancestry,Risk,Progression,"The G339R mutation of PPP1R18 that acts on F-actin which inhibits viral budding [28,29].",Discussion
PMC11702083,RNF39 P260A,RNF39,Mutation, P260A,European ancestry,Protective,Resistance,"The P260A mutation in RNF39, whose knockdown has been associated with blocking HIV-1 replication in two experimental studies [24,25].",Discussion
PMC11702083,MICB T212I,MICB,Mutation,T212I,European ancestry,Protective,Resistance,"MICB, a 383 AA protein, presents a mutation T180I marked as deleterious by SIFT [20] and associated with HLA-B*57:01. As for the MICA variations, the SNP causing this mutation in MICB, rs41293883, is in high LD with rs111301312 (r2 = 0.76).",Results
PMC11702083,TAP2 T665A,TAP2,Mutation,T665A,European ancestry,Protective,Resistance,"SNP rs1894406 is associated with a mutation in TAP2 (T665A). TAP2, a 686 AA protein, is a key component of HLA presentation since it helps load the peptides onto the HLA molecules in the endoplasmic reticulum.",Results
PMC11702083,HLA-C*07,HLA-C,HLA Allele,C*07,European ancestry,Risk,Susceptibility,"Table 2 B outlines the 9 HLA class I and II alleles having a significant preventive impact on EC, with strong signals such as HLA-C07 ( p = 1.1 10−19 ) and HLA-B08 ( p = 7.1 10−10 )",Results
PMC11702083,HLA-B*08,HLA-B,HLA Allele,B*08,European ancestry,Risk,Susceptibility,"Table 2 B outlines the 9 HLA class I and II alleles having a significant preventive impact on EC, with strong signals such as HLA-C07 ( p = 1.1 10−19 ) and HLA-B08 ( p = 7.1 10−10 )",Results
PMC11702083,HLA-A*31,HLA-A,HLA Allele,A*31:01,European ancestry,Protective,Resistance,"Notable signals include HLA-B*57 (p = 1.7 10–49), HLA-C*06 (p = 2.2 10–24), HLA-B*27 (p = 1.3 10–15), HLA-A*31 (p = 1.5 10 − 6), and HLA-B*52 (p = 2.5 10 − 6).",Results
PMC11702083,HLA-B*52,HLA-B,HLA Allele,B*52,European ancestry,Protective,Resistance,"Notable signals include HLA-B*57 (p = 1.7 10–49), HLA-C*06 (p = 2.2 10–24), HLA-B*27 (p = 1.3 10–15), HLA-A*31 (p = 1.5 10 − 6), and HLA-B*52 (p = 2.5 10 − 6).",Results
PMC11854356,CCR5Δ32 heterozygous,CCR5,Deletion,Δ32 homozygous,None,Protective,Resistance,"Homozygosity for the CCR5Δ32 mutation is the most critical genetic mechanism of natural resistance to HIV‐1 infection. Homozygous individuals express a truncated protein, rendering cells resistant to HIV because the virus cannot fuse with the host cell surface, blocking entry [7, 8]. ",Introduction
PMC11854356,HLA-B,HLA-B,HLA Allele,None,None,Protective,Progression," Variants in genes such as HLA‐B and HLA‐C are linked to effective infection control by facilitating the presentation of viral peptides to T cells, thereby enhancing the immune response [11, 12, 13]. ",Introduction
PMC11854356,HLA-C,HLA-C ,HLA Allele,None,None,Protective,Progression," Variants in genes such as HLA‐B and HLA‐C are linked to effective infection control by facilitating the presentation of viral peptides to T cells, thereby enhancing the immune response [11, 12, 13]. ",Introduction
PMC11854356,APOBEC3G,APOBEC3G,Gene,None,None,Protective,Resistance,"Other examples include functional variants of the APOBEC3G gene, an enzyme with antiviral activity capable of interfering with HIV replication [14, 15, 16], and genes related to HIV restriction, such as TRIM5α [17] and SAMHD1 [18].",Introduction
PMC11854356,TRIM5α,TRIM5,Gene, TRIM5α,None,Protective,Resistance,"Other examples include functional variants of the APOBEC3G gene, an enzyme with antiviral activity capable of interfering with HIV replication [14, 15, 16], and genes related to HIV restriction, such as TRIM5α [17] and SAMHD1 [18].",Introduction
PMC11854356,SAMHD1 ,SAMHD1 ,Gene,None,None,Protective,Resistance,"Other examples include functional variants of the APOBEC3G gene, an enzyme with antiviral activity capable of interfering with HIV replication [14, 15, 16], and genes related to HIV restriction, such as TRIM5α [17] and SAMHD1 [18].",Introduction
PMC11854356,IRF1,RF1 ,Polymorphism,None,None,Protective,Resistance,"Previous studies have described three polymorphisms in irf‐1 that appear to have a beneficial effect on natural resistance to HIV‐1 infection, where individuals with one or more of these polymorphisms presented lower IRF1 protein expression and reduced responsiveness to IFN‐[Latin small letter gamma] stimulation; furthermore, these polymorphisms did not affect disease progression in terms of decreased CD4+ T cells and HIV‐1 viral load, suggesting that the protective effect is limited to the early stages of infection [82, 83].",Results
PMC11854356,HAVCR2  rs4704846,HAVCR2 ,SNP,rs4704846,None,Protective,Susceptibility," Interestingly, a polymorphism (rs4704846) in the HAVCR2 gene, which encodes the TIM‐3 protein, has been related to reduced susceptibility to HIV‐1 infection [94]. Moreover, the frequency of this polymorphism is significantly greater in HESN individuals than in HIV‐positive individuals, and it occurs independently of their route of exposure [94].",Results
PMC11854356,TLR3 rs3775291 T ,TLR3,SNP,rs3775291 (T),None,Protective,Resistance,"Moreover, some studies have shown that the TLR‐3 rs3775291 C → T (Leu412Phe) T allele polymorphism is overrepresented in HIV‐1‐exposed seronegative intravenous drug users (HESN‐IDU) in comparison to HIV‐positive IDU; additionally, owing to TLR engagement, PBMCs isolated from subjects with this polymorphism exhibit greater resistance to ex vivo HIV‐1 infection and increased levels of pro‐inflammatory cytokines (IL‐1, IL‐6, IL‐10, IFN‐β, IFN‐γ, CCL3, RANTES, TNF‐α) and CD69 [104, 105]. ",Results
PMC11259285,HLA-B*57:01,HLA-B,HLA Allele,B*57:01,Western Australian,Protective,Progression,Our previous study of the WAHIV cohort has shown that carriage of the HLA class I alleles B*57:01 and B*27:05 are associated with lower pre-treatment viral load,Results
PMC11259285,HLA-B*27:05,HLA-B,HLA Allele,B*27:05,Western Australian,Protective,Progression,Our previous study of the WAHIV cohort has shown that carriage of the HLA class I alleles B*57:01 and B*27:05 are associated with lower pre-treatment viral load,Results
PMC11259285,HLA-B*57,HLA-B,HLA Allele,B*57,None,Protective,Progression,The HLA class I alleles B*57 and B*27 have been shown to be strong predictors of lower viral load and slower disease progression [5].,Introduction
PMC11259285,HLA-B*27,HLA-B,HLA Allele,B*27,None,Protective,Progression,The HLA class I alleles B*57 and B*27 have been shown to be strong predictors of lower viral load and slower disease progression [5].,Introduction
PMC11259285,CCR5Δ32,CCR5,Deletion,Δ32,Western Australian,Protective,Progression,"In line with these findings, sex, CCR5Δ32 and carriage of HLA protective alleles (HLA-B*57 and -B*27) showed a significant association with differences in viral load in this cohort, explaining 17.67% of the observed variation (S8 Table). ",Results
PMC11259285,ERAP2 rs2248374 G,ERAP2,SNP,rs2248374,Western Australian,Protective,Progression," Association analysis using different genetic inheritance models showed a strong significant association with viral load for both SNPs, in which the presence of the G allele of the rs2248374 SNP and the T allele of the rs2549782 SNP associate with lower viral load (P adjusted Codominant = 0.0081, P adjusted Dominant = 0.0024 for both SNPs; S1 Table)",Results
PMC11259285,ERAP2 rs2549782 T,ERAP2,SNP,rs2549782,Western Australian,Protective,Progression," Association analysis using different genetic inheritance models showed a strong significant association with viral load for both SNPs, in which the presence of the G allele of the rs2248374 SNP and the T allele of the rs2549782 SNP associate with lower viral load (P adjusted Codominant = 0.0081, P adjusted Dominant = 0.0024 for both SNPs; S1 Table)",Results
PMC11259285,ERAP2 haplotype B,ERAP2,Haplotype,Haplotype B,Western Australian,Protective,Progression,"In particular, carriage of haplotype B was associated with a lower viral load (P adjusted = 0.0002, Î· p 2 = 0.06, ANOVA), higher CD4 + T cell count (P adjusted = 0.0030, Î· p 2 = 0.04) and higher CD4 + T cell proportion (P adjusted = 0.0363, Î· p 2 = 0.02) ( S3 Table ).",Results
PMC11858022,None,None,None,None,None,None,None,No human genetic factors found in the text. The text only discusses viral genetic factors.,None
PMC11851513,PON1 L55L,PON1,Genotype,L55L,Brazil,Protective,Susceptibility," The L55L genotype conferred 59.9% protection against HIV-1 (OR: 0.401; 95% CI: 0.228–0.704), while the M allele increased susceptibility by ~69% (OR: 1.694; 95% CI: 1.173–2.446).",Abstract
PMC11851513,PON1 L55M,PON1,Allele, L55M,Brazil,Risk,Susceptibility," Additionally, the M (LM + MM) allele was associated with 69.4% increased odds of susceptibility to HIV-1 (OR: 1.694; 95% CI: 1.173–2.446).",Results
PMC11851513,PON1 M55M ,PON1,Genotype,M55M,Brazil,Risk,Susceptibility,The M55M genotype and/or M allele may be linked to HIV-1 susceptibility,Results
PMC11851513,PON2 S311C,PON2,Genotype,S311C,Brazil,Risk,Susceptibility,"Interestingly, the presence of the heterozygous C311S polymorphism was also associated with an increased likelihood of susceptibility to HIV-1 (OR: 2.118; 95% CI: 1.238–3.624).",Results
PMC11851513,PON1 Q192R,PON1,Polymorphism,Q192R,Brazil,Unclear,Unclear ,"Regarding the Q192R polymorphism, the presence of the homozygous Q192Q genotype showed no difference in paraoxonase activity between the groups evaluated (p > 0.050). However, different paraoxonase activity was observed between the groups considering the heterozygous Q192R polymorphism, as well as in the group itself when compared to the Q192Q polymorphism",Results
PMC11436440,TLR3 rs3775291 TT ,TLR3 ,SNP genotype,rs3775291 TT ,Spanish,Protective,Resistance,"It has been reported that the homozygous recessive (TT) genotype of the TLR3 rs3775291 single-nucleotide polymorphism (SNP) provided resistance to HIV infection in Spanish HIV-exposed seronegative (HESN) intravenous drug users (IDUs), and individuals with this genotype sustained lower levels of viral replication [8]. ",Introduction
PMC11436440,TLR3 rs3775291 CT/TT,TLR3,SNP genotype,rs3775291 CT/TT,Estonian,Protective,Resistance,"In another study, a mutation present in at least one allele of this SNP was also associated with protection against HIV infection in Estonian HESN IDUs [9].",Introduction
PMC11850406,HLA-A*11:01,HLA-A,HLA Allele,A*11:01,Chinese and Northeast Asian,Unclear,Progression,"This study aimed to identify T-cell epitopes derived from the GP160, GAG, and POL proteins of the HIV-1 strain, specifically linked to 12 prevalent HLA-A allotypes, that collectively represent approximately 91% of the total gene frequency in Northeast Asian populations. The 12 dominant HLA-A allotypes (A1101, A2402, A0201, A0207, A3303, A0206, A3001, A0203, A3101, A1102, A0101, and A0301, with a gene frequency of >1% for each allotype) covered approximately 91% of the Chinese cohort and Northeast Asian populations (see text footnote 2). ",Abstract and Results
PMC11850406,HLA-A*24:02,HLA-A,HLA Allele,A*24:02,Chinese and Northeast Asian,Unclear,Progression,"This study aimed to identify T-cell epitopes derived from the GP160, GAG, and POL proteins of the HIV-1 strain, specifically linked to 12 prevalent HLA-A allotypes, that collectively represent approximately 91% of the total gene frequency in Northeast Asian populations. The 12 dominant HLA-A allotypes (A1101, A2402, A0201, A0207, A3303, A0206, A3001, A0203, A3101, A1102, A0101, and A0301, with a gene frequency of >1% for each allotype) covered approximately 91% of the Chinese cohort and Northeast Asian populations (see text footnote 2). ",Abstract and Results
PMC11850406,HLA-A*02:01,HLA-A,HLA Allele,A*02:01,Chinese and Northeast Asian,Unclear,Progression,"This study aimed to identify T-cell epitopes derived from the GP160, GAG, and POL proteins of the HIV-1 strain, specifically linked to 12 prevalent HLA-A allotypes, that collectively represent approximately 91% of the total gene frequency in Northeast Asian populations. The 12 dominant HLA-A allotypes (A1101, A2402, A0201, A0207, A3303, A0206, A3001, A0203, A3101, A1102, A0101, and A0301, with a gene frequency of >1% for each allotype) covered approximately 91% of the Chinese cohort and Northeast Asian populations (see text footnote 2). ",Abstract and Results
PMC11850406,HLA-A*02:07,HLA-A,HLA Allele,A*02:07,Chinese and Northeast Asian,Unclear,Progression,"This study aimed to identify T-cell epitopes derived from the GP160, GAG, and POL proteins of the HIV-1 strain, specifically linked to 12 prevalent HLA-A allotypes, that collectively represent approximately 91% of the total gene frequency in Northeast Asian populations. The 12 dominant HLA-A allotypes (A1101, A2402, A0201, A0207, A3303, A0206, A3001, A0203, A3101, A1102, A0101, and A0301, with a gene frequency of >1% for each allotype) covered approximately 91% of the Chinese cohort and Northeast Asian populations (see text footnote 2). ",Abstract and Results
PMC11850406,HLA-A*33:03,HLA-A,HLA Allele,A*33:03,Chinese and Northeast Asian,Unclear,Progression,"This study aimed to identify T-cell epitopes derived from the GP160, GAG, and POL proteins of the HIV-1 strain, specifically linked to 12 prevalent HLA-A allotypes, that collectively represent approximately 91% of the total gene frequency in Northeast Asian populations. The 12 dominant HLA-A allotypes (A1101, A2402, A0201, A0207, A3303, A0206, A3001, A0203, A3101, A1102, A0101, and A0301, with a gene frequency of >1% for each allotype) covered approximately 91% of the Chinese cohort and Northeast Asian populations (see text footnote 2). ",Abstract and Results
PMC11850406,HLA-A*02:06,HLA-A,HLA Allele,A*02:06,Chinese and Northeast Asian,Unclear,Progression,"This study aimed to identify T-cell epitopes derived from the GP160, GAG, and POL proteins of the HIV-1 strain, specifically linked to 12 prevalent HLA-A allotypes, that collectively represent approximately 91% of the total gene frequency in Northeast Asian populations. The 12 dominant HLA-A allotypes (A1101, A2402, A0201, A0207, A3303, A0206, A3001, A0203, A3101, A1102, A0101, and A0301, with a gene frequency of >1% for each allotype) covered approximately 91% of the Chinese cohort and Northeast Asian populations (see text footnote 2). ",Abstract and Results
PMC11850406,HLA-A*30:01,HLA-A,HLA Allele,A*30:01,Chinese and Northeast Asian,Unclear,Progression,"This study aimed to identify T-cell epitopes derived from the GP160, GAG, and POL proteins of the HIV-1 strain, specifically linked to 12 prevalent HLA-A allotypes, that collectively represent approximately 91% of the total gene frequency in Northeast Asian populations. The 12 dominant HLA-A allotypes (A1101, A2402, A0201, A0207, A3303, A0206, A3001, A0203, A3101, A1102, A0101, and A0301, with a gene frequency of >1% for each allotype) covered approximately 91% of the Chinese cohort and Northeast Asian populations (see text footnote 2). ",Abstract and Results
PMC11850406,HLA-A*02:03,HLA-A,HLA Allele,A*02:03,Chinese and Northeast Asian,Unclear,Progression,"This study aimed to identify T-cell epitopes derived from the GP160, GAG, and POL proteins of the HIV-1 strain, specifically linked to 12 prevalent HLA-A allotypes, that collectively represent approximately 91% of the total gene frequency in Northeast Asian populations. The 12 dominant HLA-A allotypes (A1101, A2402, A0201, A0207, A3303, A0206, A3001, A0203, A3101, A1102, A0101, and A0301, with a gene frequency of >1% for each allotype) covered approximately 91% of the Chinese cohort and Northeast Asian populations (see text footnote 2). ",Abstract and Results
PMC11850406,HLA-A*31:01,HLA-A,HLA Allele,A*31:01,Chinese and Northeast Asian,Unclear,Progression,"This study aimed to identify T-cell epitopes derived from the GP160, GAG, and POL proteins of the HIV-1 strain, specifically linked to 12 prevalent HLA-A allotypes, that collectively represent approximately 91% of the total gene frequency in Northeast Asian populations. The 12 dominant HLA-A allotypes (A1101, A2402, A0201, A0207, A3303, A0206, A3001, A0203, A3101, A1102, A0101, and A0301, with a gene frequency of >1% for each allotype) covered approximately 91% of the Chinese cohort and Northeast Asian populations (see text footnote 2). ",Abstract and Results
PMC11850406,HLA-A*11:02,HLA-A,HLA Allele,A*11:02,Chinese and Northeast Asian,Unclear,Progression,"This study aimed to identify T-cell epitopes derived from the GP160, GAG, and POL proteins of the HIV-1 strain, specifically linked to 12 prevalent HLA-A allotypes, that collectively represent approximately 91% of the total gene frequency in Northeast Asian populations. The 12 dominant HLA-A allotypes (A1101, A2402, A0201, A0207, A3303, A0206, A3001, A0203, A3101, A1102, A0101, and A0301, with a gene frequency of >1% for each allotype) covered approximately 91% of the Chinese cohort and Northeast Asian populations (see text footnote 2). ",Abstract and Results
PMC11850406,HLA-A*01:01,HLA-A,HLA Allele,A*01:01,Chinese and Northeast Asian,Unclear,Progression,"This study aimed to identify T-cell epitopes derived from the GP160, GAG, and POL proteins of the HIV-1 strain, specifically linked to 12 prevalent HLA-A allotypes, that collectively represent approximately 91% of the total gene frequency in Northeast Asian populations. The 12 dominant HLA-A allotypes (A1101, A2402, A0201, A0207, A3303, A0206, A3001, A0203, A3101, A1102, A0101, and A0301, with a gene frequency of >1% for each allotype) covered approximately 91% of the Chinese cohort and Northeast Asian populations (see text footnote 2). ",Abstract and Results
PMC11850406,HLA-A*03:01,HLA-A,HLA Allele,A*03:01,Chinese and Northeast Asian,Unclear,Progression," Colleton et al. consistently reported that potential HIV-derived epitopes with high binding affinity to their HLA class I molecules were often linked to better immune responses, increased CD4+ T-cell counts, and slower disease progression (Colleton et al., 2009). In the present study, the binding affinity of 112 epitope candidates—comprised of 45 high-affinity epitopes and 31 intermediate-affinity epitopes—was validated using a peptide competitive binding assay. These data will be important for designing therapeutic or prophylactic HIV vaccines for Northeast Asian populations.",Abstract and Results
PMC11067292,IFNW1 rs79876898 A>G,IFNW1,SNP polymorphism,rs79876898 A > G,African,Risk,Progression,"Of the 17 SNPs within the IFNW1 region, only rs79876898 (A > G) was associated with study entry VL (p = 0.0020, beta = 0.32; G associated with higher study entry VL than A) in single SNP association analyses.",Results
PMC11067292,HLA ,HLA,HLA Allele ,None,African,Mixed,Progression,"Human leukocyte antigen (HLA)-type is the most established host genetic factor associated with HIV progression [1,3].",Background 
PMC11067292,CCR5Δ32,CCR5,Deletion,Δ32,None ,Protective,Susceptibility,"Additionally, variation within genes encoding chemokines and chemokine receptors, including CCR5D32, are known to be important for HIV susceptibility, primarily for HIV viral load and disease progression [1,5].",Background 
PMC11823076,None,None,None,None,None,None,None,No human genetic factors found in the text.,None
PMC11728264,None,None,None,None,None,None,None,"No human genetic factors found in the text. The text only discusses genetic factors linked to depression in people living with HIV, not to HIV disease progression.",None
PMC11395705,HLA-C*03:02,HLA-C,HLA Allele,C*03:02,Uganda and Botswana,Protective,Progression,"The frequency of HLA-C*03:02 varies among ethnic groups, with 1–6% in Africans, 1–13% in Asians, and very low (<~0.8%) in most white Western populations, aligning with lower HIV prevalence in those regions [13]. Considering these findings, it is evident that HLA-C*03:02 holds potential significance in HIV control, stimulating further investigation into the mechanisms underlying its immune-mediated effects.",Introduction
PMC11395705,HLA-B*57:03,HLA-B,HLA Allele,B*57:03,Uganda and Botswana,Protective,Progression,"We recently documented the putative role of HLA-C*03:02, HLA-B*57:03, and HLA-B*58:01 in long-term non-progression (LTNP) of HIV-1 among children in Uganda and Botswana [ 11 ]. HLA-B*57:03 and HLA-B*58:01 molecules display highly restricted HIV-1 epitopes in the structural and non-structural proteins that mediate HIV control [10,14,15,16].",Introduction
PMC11395705,HLA-B*58:01,HLA-B,HLA Allele,B*58:01,Uganda and Botswana,Protective,Progression,"We recently documented the putative role of HLA-C*03:02, HLA-B*57:03, and HLA-B*58:01 in long-term non-progression (LTNP) of HIV-1 among children in Uganda and Botswana [ 11 ].  HLA-B*57:03 and HLA-B*58:01 molecules display highly restricted HIV-1 epitopes in the structural and non-structural proteins that mediate HIV control [10,14,15,16]. ",Introduction
PMC11442197,HLA-B*57,HLA-B,HLA Allele,B*57,Caucasians,Risk,Treatment Response,"For example, HLA-B*57-positive individuals are hypersensitive to the anti-retroviral known as Abacavir (16, 17). Abacavir hypersensitivity is more likely to affect Caucasians than Africans and Asians since the presence of HLA-B*57 is more frequent in Caucasians (129).",Results
PMC11442197,rs9264942 C,HLA-C,SNP,rs9264942,None,Protective,Progression,C allele is associated with higher expression and associated with lower mean viral loads and progressed slower to AIDS compared to individuals with and T allele,Results
PMC11442197,rs9264942 T,HLA-C,SNP,rs9264942,None,Risk,Progression,C allele is associated with higher expression and associated with lower mean viral loads and progressed slower to AIDS compared to individuals with and T allele,Results
PMC11442197,rs67384697 T,HLA-C,SNP,rs67384697,European Americans,Protective,Progression,"In a cohort of 2,527 HIV-infected European Americans, HIV controllers were found to have a higher frequency of the T allele (rs67384697) and potentially have higher HLA-C expression and thus lower viral loads; while the G allele was significantly frequent in non-controller (24).",Results
PMC11442197,rs67384697 G,HLA-C,SNP,rs67384697,European Americans,Risk,Progression,"In a cohort of 2,527 HIV-infected European Americans, HIV controllers were found to have a higher frequency of the T allele (rs67384697) and potentially have higher HLA-C expression and thus lower viral loads; while the G allele was significantly frequent in non-controller (24).",Results
PMC11442197,rs735316 GG,HLA-C,SNP genotype,rs735316 GG,None,Protective ,Progression,Individuals homozygous for the wild-type del variant for rs111299611 and GG for rs735316 had higher levels of miR-148 compared to individuals homozygous for the mutant ins (rs111299611) and AA (rs735316) alleles. Lower HLA-C expression is expected among individuals who carry the wild type rs111299611 and rs735316 alleles (higher miR-148 expression) and have an intact miR-148 binding site within HLA-C 3’UTR and carry the wild type rs111299611 and rs735316 alleles (23).,Results
PMC11442197,rs735316 AA,HLA-C,SNP genotype,rs735316 AA,None,Risk,Progression,Individuals homozygous for the wild-type del variant for rs111299611 and GG for rs735316 had higher levels of miR-148 compared to individuals homozygous for the mutant ins (rs111299611) and AA (rs735316) alleles. Lower HLA-C expression is expected among individuals who carry the wild type rs111299611 and rs735316 alleles (higher miR-148 expression) and have an intact miR-148 binding site within HLA-C 3’UTR and carry the wild type rs111299611 and rs735316 alleles (23).,Results
PMC11442197,rs111299611,HLA-C,SNP,rs111299611,None,Protective ,Progression,Individuals homozygous for the wild-type del variant for rs111299611 and GG for rs735316 had higher levels of miR-148 compared to individuals homozygous for the mutant ins (rs111299611) and AA (rs735316) alleles. Lower HLA-C expression is expected among individuals who carry the wild type rs111299611 and rs735316 alleles (higher miR-148 expression) and have an intact miR-148 binding site within HLA-C 3’UTR and carry the wild type rs111299611 and rs735316 alleles (23).,Results
PMC11800520,ERAP2 rs2549782,ERAP2,SNP,rs2549782,Italian,Risk,Susceptibility,"Regarding infectious diseases, one study found that ERAP2 gene rs2248374 could arise the risk for chronic HCV [ 27 ], and another study showed that the rs2549782 variant was significantly related to the risk of HIV infection in Italians, and the TT genotype frequency was elevated in the HIV-1 exposure seronegative popualtion [ 26 ]. ",Results
PMC11756077,None,None,None,None,None,None,None,No human genetic factors associated with HIV found in the text.,None
PMC10979031,ATG16L1 rs6861 TT,ATG16L1,SNP genotype,rs6861 TT,Amsterdam ,Protective,Progression,"Notably, our study shows that HIV-1-infected individuals carrying the ATG16L1 rs6861(TT) genotype—i.e. homozygous for the minor allele—display prolonged survival and delayed disease progression. Kaplan–Meier survival analyses of ATG16L1 rs6861 genetic variants demonstrated that HIV-1-infected individuals carrying the rs6861(TT) genotype—i.e. homozygous for the minor/alternate allele—displayed delayed disease progression, compared to rs6861(CC) and heterozygous rs6861(CT) genotypes, using AIDS diagnosis CDC 1987 (Log-rank p-value = 0.0024; Fig. 2a) and CDC 1993 as endpoints (Log-rank p-value = 0.0242; Supplementary Fig. 1).",Introduction and Results
PMC10979031,ATG16L1 rs7563345,ATG16L1,SNP,rs7563345,Amsterdam ,Protective,Progression,"Univariate Cox regression survival analysis for the remaining five ATG16L1 SNPs revealed a significant protective effect for two ATG16L1 SNPs (rs6861 and rs7563345) using AIDS diagnosis (Center for Disease Control [CDC] 1987) as endpoint, and for four ATG16L1 SNPs (rs2241880, rs6861, rs3792106 and rs7563345) using AIDS-related death as endpoint (Fig. 1d). ",Results
PMC10979031,ATG16L1 rs2241880,ATG16L1,SNP,rs2241880,Amsterdam,Protective,Progression,"Univariate Cox regression survival analysis for the remaining five ATG16L1 SNPs revealed a significant protective effect for two ATG16L1 SNPs (rs6861 and rs7563345) using AIDS diagnosis (Center for Disease Control [CDC] 1987) as endpoint, and for four ATG16L1 SNPs (rs2241880, rs6861, rs3792106 and rs7563345) using AIDS-related death as endpoint (Fig. 1d). ",Results 
PMC10979031,ATG16L1 rs3792106,ATG16L1,SNP,rs3792106,Amsterdam,Protective,Progression,"Univariate Cox regression survival analysis for the remaining five ATG16L1 SNPs revealed a significant protective effect for two ATG16L1 SNPs (rs6861 and rs7563345) using AIDS diagnosis (Center for Disease Control [CDC] 1987) as endpoint, and for four ATG16L1 SNPs (rs2241880, rs6861, rs3792106 and rs7563345) using AIDS-related death as endpoint (Fig. 1d). ",Results 
PMC10979031,CCR5Δ32 heterozygous,CCR5,Deletion,Δ32,None,Protective,Progression,"Of note, the protective effect observed for ATG16L1 rs6861 polymorphism on HIV-1 disease pathogenesis was independent of both CCR5Δ32 and HLA-B57 genotypes (Supplementary Table 1)32–35. Confounding SNPs were considered to be the following: CCR5Δ32, HLA-B27, HLA-B57, and homozygous minor for ATG16L1 T300A20,32–35, as the first three genotypes have previously been associated with HIV disease progression and the latter with autophagy dysregulation. ",Results and Methods 
PMC10979031,HLA-B27,HLA-B,HLA Allele,B*27,None,Protective,Progression,"Confounding SNPs were considered to be the following: CCR5Δ32, HLA-B27, HLA-B57, and homozygous minor for ATG16L1 T300A20,32–35, as the first three genotypes have previously been associated with HIV disease progression and the latter with autophagy dysregulation. ",Methods 
PMC10979031,HLA-B57,HLA-B,HLA Allele,B*57,None,Protective,Progression,"Of note, the protective effect observed for ATG16L1 rs6861 polymorphism on HIV-1 disease pathogenesis was independent of both CCR5Δ32 and HLA-B57 genotypes (Supplementary Table 1)32–35. Confounding SNPs were considered to be the following: CCR5Δ32, HLA-B27, HLA-B57, and homozygous minor for ATG16L1 T300A20,32–35, as the first three genotypes have previously been associated with HIV disease progression and the latter with autophagy dysregulation. ",Results and Methods 
PMC11836288,None,None,None,None,None,None,None,No human genetic factors associated with HIV found in the text.,None
PMC10535444,CCL5/RANTES rs2107538 G>A,CCL5,SNP polymorphism,rs2107538,Africa; Asia,Protective,Susceptibility,"In terms of the SNP rs2107538 (G > A), in Africa and Asia, it has a protective role (OR = 0.56; 95% CI = 0.41-0.76; p = 0.0002, and OR = 0.88; 95% CI = 0.76-1.02; p = 0.08, respectively). ",Abstract
PMC10535444,CCL5/RANTES rs2280788 C>G,CCL5,SNP polymorphism,rs2280788,Europe; America,Risk,Susceptibility," In terms of the SNP rs2280788 (C > G), in Europe and America, it shows a higher risk role (OR = 1.92; 95% CI = 1.06-3.47; p = 0.03, and OR = 0.94; 95% CI = 0.94-1.11; p = 0.04, respectively), but in the population of Asia, with its mutant allele, it has a protective role (OR = 0.76; 95% CI = 0.63-0.93; p = 0.007). ",Abstract
PMC10535444,CCL5/RANTES rs2280788 C>G,CCL5,SNP polymorphism,rs2280788,Asia,Protective,Susceptibility,"In terms of the SNP rs2280788 (C > G), in Europe and America, it shows a higher risk role (OR = 1.92; 95% CI = 1.06-“3.47; p = 0.03, and OR = 0.94; 95% CI = 0.94-“1.11; p = 0.04, respectively), but in the population of Asia, with its mutant allele, it has a protective role (OR = 0.76; 95% CI = 0.63-“0.93; p = 0.007).",Abstract
PMC10535444,CCL5/RANTES rs2280789 T>C,CCL5,SNP polymorphism,rs2280789,Asia,Protective,Resistance,"For the rs2280789 SNP, resistance to infection was observed in Asian populations. These results align with the data reported in the present review [39,50,51].",Discussion
PMC10535444,HCP5,HCP5,Gene,None,None,Unclear,Progression,"Candidate-gene research has identified AIDS-restriction genes, as the application of Genome Wide Association Studies (GWAS) have unveiled unique SNPs not previously associated with HIV/AIDS. These SNPs are found in a diverse array of human genes located on different chromosomes, including but not limited to HCP5, HLA-C, CCR5, ZNRD1, DDX40, YPEL2, PRMT6, SOX5, RXRG, TGFBRAP1, and LY6. Variant alleles in the HLA region have been highlighted by HIV/AIDS GWAS as significant predictors of HIV viral load and disease progression across various study designs and phenotypes. ",Discussion
PMC10535444,HLA-C,HLA-C,Gene,None,None,Unclear,Progression,"Candidate-gene research has identified AIDS-restriction genes, as the application of Genome Wide Association Studies (GWAS) have unveiled unique SNPs not previously associated with HIV/AIDS. These SNPs are found in a diverse array of human genes located on different chromosomes, including but not limited to HCP5, HLA-C, CCR5, ZNRD1, DDX40, YPEL2, PRMT6, SOX5, RXRG, TGFBRAP1, and LY6. Variant alleles in the HLA region have been highlighted by HIV/AIDS GWAS as significant predictors of HIV viral load and disease progression across various study designs and phenotypes. ",Discussion
PMC10535444,CCR5,CCR5,Gene,None,None,Unclear,Progression,"Candidate-gene research has identified AIDS-restriction genes, as the application of Genome Wide Association Studies (GWAS) have unveiled unique SNPs not previously associated with HIV/AIDS. These SNPs are found in a diverse array of human genes located on different chromosomes, including but not limited to HCP5, HLA-C, CCR5, ZNRD1, DDX40, YPEL2, PRMT6, SOX5, RXRG, TGFBRAP1, and LY6. Variant alleles in the HLA region have been highlighted by HIV/AIDS GWAS as significant predictors of HIV viral load and disease progression across various study designs and phenotypes. ",Discussion
PMC10535444,ZNRD1,ZNRD1,Gene,None,None,Unclear,Progression,"Candidate-gene research has identified AIDS-restriction genes, as the application of Genome Wide Association Studies (GWAS) have unveiled unique SNPs not previously associated with HIV/AIDS. These SNPs are found in a diverse array of human genes located on different chromosomes, including but not limited to HCP5, HLA-C, CCR5, ZNRD1, DDX40, YPEL2, PRMT6, SOX5, RXRG, TGFBRAP1, and LY6. Variant alleles in the HLA region have been highlighted by HIV/AIDS GWAS as significant predictors of HIV viral load and disease progression across various study designs and phenotypes. ",Discussion
PMC10535444,DDX40,DDX40,Gene,None,None,Unclear,Progression,"Candidate-gene research has identified AIDS-restriction genes, as the application of Genome Wide Association Studies (GWAS) have unveiled unique SNPs not previously associated with HIV/AIDS. These SNPs are found in a diverse array of human genes located on different chromosomes, including but not limited to HCP5, HLA-C, CCR5, ZNRD1, DDX40, YPEL2, PRMT6, SOX5, RXRG, TGFBRAP1, and LY6. Variant alleles in the HLA region have been highlighted by HIV/AIDS GWAS as significant predictors of HIV viral load and disease progression across various study designs and phenotypes. ",Discussion
PMC10535444,YPEL2,YPEL2,Gene,None,None,Unclear,Progression,"Candidate-gene research has identified AIDS-restriction genes, as the application of Genome Wide Association Studies (GWAS) have unveiled unique SNPs not previously associated with HIV/AIDS. These SNPs are found in a diverse array of human genes located on different chromosomes, including but not limited to HCP5, HLA-C, CCR5, ZNRD1, DDX40, YPEL2, PRMT6, SOX5, RXRG, TGFBRAP1, and LY6. Variant alleles in the HLA region have been highlighted by HIV/AIDS GWAS as significant predictors of HIV viral load and disease progression across various study designs and phenotypes. ",Discussion
PMC10535444,PRMT6,PRMT6,Gene,None,None,Unclear,Progression,"Candidate-gene research has identified AIDS-restriction genes, as the application of Genome Wide Association Studies (GWAS) have unveiled unique SNPs not previously associated with HIV/AIDS. These SNPs are found in a diverse array of human genes located on different chromosomes, including but not limited to HCP5, HLA-C, CCR5, ZNRD1, DDX40, YPEL2, PRMT6, SOX5, RXRG, TGFBRAP1, and LY6. Variant alleles in the HLA region have been highlighted by HIV/AIDS GWAS as significant predictors of HIV viral load and disease progression across various study designs and phenotypes. ",Discussion
PMC10535444,SOX5,SOX5,Gene,None,None,Unclear,Progression,"Candidate-gene research has identified AIDS-restriction genes, as the application of Genome Wide Association Studies (GWAS) have unveiled unique SNPs not previously associated with HIV/AIDS. These SNPs are found in a diverse array of human genes located on different chromosomes, including but not limited to HCP5, HLA-C, CCR5, ZNRD1, DDX40, YPEL2, PRMT6, SOX5, RXRG, TGFBRAP1, and LY6. Variant alleles in the HLA region have been highlighted by HIV/AIDS GWAS as significant predictors of HIV viral load and disease progression across various study designs and phenotypes. ",Discussion
PMC10535444,RXRG,RXRG,Gene,None,None,Unclear,Progression,"Candidate-gene research has identified AIDS-restriction genes, as the application of Genome Wide Association Studies (GWAS) have unveiled unique SNPs not previously associated with HIV/AIDS. These SNPs are found in a diverse array of human genes located on different chromosomes, including but not limited to HCP5, HLA-C, CCR5, ZNRD1, DDX40, YPEL2, PRMT6, SOX5, RXRG, TGFBRAP1, and LY6. Variant alleles in the HLA region have been highlighted by HIV/AIDS GWAS as significant predictors of HIV viral load and disease progression across various study designs and phenotypes. ",Discussion
PMC10535444,TGFBRAP1,TGFBRAP1,Gene,None,None,Unclear,Progression,"Candidate-gene research has identified AIDS-restriction genes, as the application of Genome Wide Association Studies (GWAS) have unveiled unique SNPs not previously associated with HIV/AIDS. These SNPs are found in a diverse array of human genes located on different chromosomes, including but not limited to HCP5, HLA-C, CCR5, ZNRD1, DDX40, YPEL2, PRMT6, SOX5, RXRG, TGFBRAP1, and LY6. Variant alleles in the HLA region have been highlighted by HIV/AIDS GWAS as significant predictors of HIV viral load and disease progression across various study designs and phenotypes. ",Discussion
PMC10535444,LY6,LY6,Gene,None,None,Unclear,Progression,"Candidate-gene research has identified AIDS-restriction genes, as the application of Genome Wide Association Studies (GWAS) have unveiled unique SNPs not previously associated with HIV/AIDS. These SNPs are found in a diverse array of human genes located on different chromosomes, including but not limited to HCP5, HLA-C, CCR5, ZNRD1, DDX40, YPEL2, PRMT6, SOX5, RXRG, TGFBRAP1, and LY6. Variant alleles in the HLA region have been highlighted by HIV/AIDS GWAS as significant predictors of HIV viral load and disease progression across various study designs and phenotypes. ",Discussion
PMC11130985,HLA-DRB1*12:01,HLA-DRB1,HLA Allele,DRB1*12:01,Latvia,Protective,Susceptibility,"For immunodeficiency caused by TB, HIV-1 or HIV-1/TB coinfection, alleles DRB1*12:01, 14:01, 16:01, DQA1*01:02, 01:03, 02:01, 06:01, DQB1*03:03, 06:01 are identified as protective, but DRB1*07:01, 11:01, 15:01, DQA1*02:01, 03:01, DQB1*03:01, 05:01 are identified as risk alleles. As seen in Table 5 on immunodeficiency caused by TB, HIV-1 or HIV-1/TB coinfection, alleles DRB1*12:01, 14:01, 16:01, DQA1*01:02, 01:03, 02:01, 06:01, DQB1*03:03, and 06:01 are identified as protective, but DRB1*07:01, 11:01, 15:01, DQA1*02:01, 03:01, DQB1*03:01, and 05:01 are identified as risk alleles.",Abstract and Results
PMC11130985,HLA-DRB1*14:01,HLA-DRB1,HLA Allele,DRB1*14:01,Latvia,Protective,Susceptibility,"For immunodeficiency caused by TB, HIV-1 or HIV-1/TB coinfection, alleles DRB1*12:01, 14:01, 16:01, DQA1*01:02, 01:03, 02:01, 06:01, DQB1*03:03, 06:01 are identified as protective, but DRB1*07:01, 11:01, 15:01, DQA1*02:01, 03:01, DQB1*03:01, 05:01 are identified as risk alleles. As seen in Table 5 on immunodeficiency caused by TB, HIV-1 or HIV-1/TB coinfection, alleles DRB1*12:01, 14:01, 16:01, DQA1*01:02, 01:03, 02:01, 06:01, DQB1*03:03, and 06:01 are identified as protective, but DRB1*07:01, 11:01, 15:01, DQA1*02:01, 03:01, DQB1*03:01, and 05:01 are identified as risk alleles.",Abstract and Results
PMC11130985,HLA-DRB1*16:01,HLA-DRB1,HLA Allele,DRB1*16:01,Latvia,Protective,Susceptibility,"For immunodeficiency caused by TB, HIV-1 or HIV-1/TB coinfection, alleles DRB1*12:01, 14:01, 16:01, DQA1*01:02, 01:03, 02:01, 06:01, DQB1*03:03, 06:01 are identified as protective, but DRB1*07:01, 11:01, 15:01, DQA1*02:01, 03:01, DQB1*03:01, 05:01 are identified as risk alleles. As seen in Table 5 on immunodeficiency caused by TB, HIV-1 or HIV-1/TB coinfection, alleles DRB1*12:01, 14:01, 16:01, DQA1*01:02, 01:03, 02:01, 06:01, DQB1*03:03, and 06:01 are identified as protective, but DRB1*07:01, 11:01, 15:01, DQA1*02:01, 03:01, DQB1*03:01, and 05:01 are identified as risk alleles.",Abstract and Results
PMC11130985,HLA-DQA1*01:02,HLA-DQA1,HLA Allele,DQA1*01:02,Latvia,Protective,Susceptibility,"For immunodeficiency caused by TB, HIV-1 or HIV-1/TB coinfection, alleles DRB1*12:01, 14:01, 16:01, DQA1*01:02, 01:03, 02:01, 06:01, DQB1*03:03, 06:01 are identified as protective, but DRB1*07:01, 11:01, 15:01, DQA1*02:01, 03:01, DQB1*03:01, 05:01 are identified as risk alleles. As seen in Table 5 on immunodeficiency caused by TB, HIV-1 or HIV-1/TB coinfection, alleles DRB1*12:01, 14:01, 16:01, DQA1*01:02, 01:03, 02:01, 06:01, DQB1*03:03, and 06:01 are identified as protective, but DRB1*07:01, 11:01, 15:01, DQA1*02:01, 03:01, DQB1*03:01, and 05:01 are identified as risk alleles.",Abstract and Results
PMC11130985,HLA-DQA1*01:03,HLA-DQA1,HLA Allele,DQA1*01:03,Latvia,Protective,Susceptibility,"For immunodeficiency caused by TB, HIV-1 or HIV-1/TB coinfection, alleles DRB1*12:01, 14:01, 16:01, DQA1*01:02, 01:03, 02:01, 06:01, DQB1*03:03, 06:01 are identified as protective, but DRB1*07:01, 11:01, 15:01, DQA1*02:01, 03:01, DQB1*03:01, 05:01 are identified as risk alleles. As seen in Table 5 on immunodeficiency caused by TB, HIV-1 or HIV-1/TB coinfection, alleles DRB1*12:01, 14:01, 16:01, DQA1*01:02, 01:03, 02:01, 06:01, DQB1*03:03, and 06:01 are identified as protective, but DRB1*07:01, 11:01, 15:01, DQA1*02:01, 03:01, DQB1*03:01, and 05:01 are identified as risk alleles.",Abstract and Results
PMC11130985,HLA-DQA1*02:01,HLA-DQA1,HLA Allele,DQA1*02:01,Latvia,Protective,Susceptibility,"For immunodeficiency caused by TB, HIV-1 or HIV-1/TB coinfection, alleles DRB1*12:01, 14:01, 16:01, DQA1*01:02, 01:03, 02:01, 06:01, DQB1*03:03, 06:01 are identified as protective, but DRB1*07:01, 11:01, 15:01, DQA1*02:01, 03:01, DQB1*03:01, 05:01 are identified as risk alleles. As seen in Table 5 on immunodeficiency caused by TB, HIV-1 or HIV-1/TB coinfection, alleles DRB1*12:01, 14:01, 16:01, DQA1*01:02, 01:03, 02:01, 06:01, DQB1*03:03, and 06:01 are identified as protective, but DRB1*07:01, 11:01, 15:01, DQA1*02:01, 03:01, DQB1*03:01, and 05:01 are identified as risk alleles.",Abstract and Results
PMC11130985,HLA-DQA1*06:01,HLA-DQA1,HLA Allele,DQA1*06:01,Latvia,Protective,Susceptibility,"For immunodeficiency caused by TB, HIV-1 or HIV-1/TB coinfection, alleles DRB1*12:01, 14:01, 16:01, DQA1*01:02, 01:03, 02:01, 06:01, DQB1*03:03, 06:01 are identified as protective, but DRB1*07:01, 11:01, 15:01, DQA1*02:01, 03:01, DQB1*03:01, 05:01 are identified as risk alleles. As seen in Table 5 on immunodeficiency caused by TB, HIV-1 or HIV-1/TB coinfection, alleles DRB1*12:01, 14:01, 16:01, DQA1*01:02, 01:03, 02:01, 06:01, DQB1*03:03, and 06:01 are identified as protective, but DRB1*07:01, 11:01, 15:01, DQA1*02:01, 03:01, DQB1*03:01, and 05:01 are identified as risk alleles.",Abstract and Results
PMC11130985,HLA-DQB1*03:03,HLA-DQB1,HLA Allele,DQB1*03:03,Latvia,Protective,Susceptibility,"For immunodeficiency caused by TB, HIV-1 or HIV-1/TB coinfection, alleles DRB1*12:01, 14:01, 16:01, DQA1*01:02, 01:03, 02:01, 06:01, DQB1*03:03, 06:01 are identified as protective, but DRB1*07:01, 11:01, 15:01, DQA1*02:01, 03:01, DQB1*03:01, 05:01 are identified as risk alleles. As seen in Table 5 on immunodeficiency caused by TB, HIV-1 or HIV-1/TB coinfection, alleles DRB1*12:01, 14:01, 16:01, DQA1*01:02, 01:03, 02:01, 06:01, DQB1*03:03, and 06:01 are identified as protective, but DRB1*07:01, 11:01, 15:01, DQA1*02:01, 03:01, DQB1*03:01, and 05:01 are identified as risk alleles.",Abstract and Results
PMC11130985,HLA-DQB1*06:01,HLA-DQB1,HLA Allele,DQB1*06:01,Latvia,Protective,Susceptibility,"For immunodeficiency caused by TB, HIV-1 or HIV-1/TB coinfection, alleles DRB1*12:01, 14:01, 16:01, DQA1*01:02, 01:03, 02:01, 06:01, DQB1*03:03, 06:01 are identified as protective, but DRB1*07:01, 11:01, 15:01, DQA1*02:01, 03:01, DQB1*03:01, 05:01 are identified as risk alleles. As seen in Table 5 on immunodeficiency caused by TB, HIV-1 or HIV-1/TB coinfection, alleles DRB1*12:01, 14:01, 16:01, DQA1*01:02, 01:03, 02:01, 06:01, DQB1*03:03, and 06:01 are identified as protective, but DRB1*07:01, 11:01, 15:01, DQA1*02:01, 03:01, DQB1*03:01, and 05:01 are identified as risk alleles.",Abstract and Results
PMC11130985,HLA-DRB1*07:01,HLA-DRB1,HLA Allele,DRB1*07:01,Latvia,Risk,Susceptibility,"For immunodeficiency caused by TB, HIV-1 or HIV-1/TB coinfection, alleles DRB1*12:01, 14:01, 16:01, DQA1*01:02, 01:03, 02:01, 06:01, DQB1*03:03, 06:01 are identified as protective, but DRB1*07:01, 11:01, 15:01, DQA1*02:01, 03:01, DQB1*03:01, 05:01 are identified as risk alleles. As seen in Table 5 on immunodeficiency caused by TB, HIV-1 or HIV-1/TB coinfection, alleles DRB1*12:01, 14:01, 16:01, DQA1*01:02, 01:03, 02:01, 06:01, DQB1*03:03, and 06:01 are identified as protective, but DRB1*07:01, 11:01, 15:01, DQA1*02:01, 03:01, DQB1*03:01, and 05:01 are identified as risk alleles.",Abstract and Results
PMC11130985,HLA-DRB1*11:01,HLA-DRB1,HLA Allele,DRB1*11:01,Latvia,Risk,Susceptibility,"For immunodeficiency caused by TB, HIV-1 or HIV-1/TB coinfection, alleles DRB1*12:01, 14:01, 16:01, DQA1*01:02, 01:03, 02:01, 06:01, DQB1*03:03, 06:01 are identified as protective, but DRB1*07:01, 11:01, 15:01, DQA1*02:01, 03:01, DQB1*03:01, 05:01 are identified as risk alleles. As seen in Table 5 on immunodeficiency caused by TB, HIV-1 or HIV-1/TB coinfection, alleles DRB1*12:01, 14:01, 16:01, DQA1*01:02, 01:03, 02:01, 06:01, DQB1*03:03, and 06:01 are identified as protective, but DRB1*07:01, 11:01, 15:01, DQA1*02:01, 03:01, DQB1*03:01, and 05:01 are identified as risk alleles.",Abstract and Results
PMC11130985,HLA-DRB1*15:01,HLA-DRB1,HLA Allele,DRB1*15:01,Latvia,Risk,Susceptibility,"For immunodeficiency caused by TB, HIV-1 or HIV-1/TB coinfection, alleles DRB1*12:01, 14:01, 16:01, DQA1*01:02, 01:03, 02:01, 06:01, DQB1*03:03, 06:01 are identified as protective, but DRB1*07:01, 11:01, 15:01, DQA1*02:01, 03:01, DQB1*03:01, 05:01 are identified as risk alleles. As seen in Table 5 on immunodeficiency caused by TB, HIV-1 or HIV-1/TB coinfection, alleles DRB1*12:01, 14:01, 16:01, DQA1*01:02, 01:03, 02:01, 06:01, DQB1*03:03, and 06:01 are identified as protective, but DRB1*07:01, 11:01, 15:01, DQA1*02:01, 03:01, DQB1*03:01, and 05:01 are identified as risk alleles.",Abstract and Results
PMC11130985,HLA-DQA1*02:01,HLA-DQA1,HLA Allele,DQA1*02:01,Latvia,Risk,Susceptibility,"For immunodeficiency caused by TB, HIV-1 or HIV-1/TB coinfection, alleles DRB1*12:01, 14:01, 16:01, DQA1*01:02, 01:03, 02:01, 06:01, DQB1*03:03, 06:01 are identified as protective, but DRB1*07:01, 11:01, 15:01, DQA1*02:01, 03:01, DQB1*03:01, 05:01 are identified as risk alleles. As seen in Table 5 on immunodeficiency caused by TB, HIV-1 or HIV-1/TB coinfection, alleles DRB1*12:01, 14:01, 16:01, DQA1*01:02, 01:03, 02:01, 06:01, DQB1*03:03, and 06:01 are identified as protective, but DRB1*07:01, 11:01, 15:01, DQA1*02:01, 03:01, DQB1*03:01, and 05:01 are identified as risk alleles.",Abstract and Results
PMC11130985,HLA-DQA1*03:01,HLA-DQA1,HLA Allele,DQA1*03:01,Latvia,Risk,Susceptibility,"For immunodeficiency caused by TB, HIV-1 or HIV-1/TB coinfection, alleles DRB1*12:01, 14:01, 16:01, DQA1*01:02, 01:03, 02:01, 06:01, DQB1*03:03, 06:01 are identified as protective, but DRB1*07:01, 11:01, 15:01, DQA1*02:01, 03:01, DQB1*03:01, 05:01 are identified as risk alleles. As seen in Table 5 on immunodeficiency caused by TB, HIV-1 or HIV-1/TB coinfection, alleles DRB1*12:01, 14:01, 16:01, DQA1*01:02, 01:03, 02:01, 06:01, DQB1*03:03, and 06:01 are identified as protective, but DRB1*07:01, 11:01, 15:01, DQA1*02:01, 03:01, DQB1*03:01, and 05:01 are identified as risk alleles.",Abstract and Results
PMC11130985,HLA-DQB1*03:01,HLA-DQB1,HLA Allele,DQB1*03:01,Latvia,Risk,Susceptibility,"For immunodeficiency caused by TB, HIV-1 or HIV-1/TB coinfection, alleles DRB1*12:01, 14:01, 16:01, DQA1*01:02, 01:03, 02:01, 06:01, DQB1*03:03, 06:01 are identified as protective, but DRB1*07:01, 11:01, 15:01, DQA1*02:01, 03:01, DQB1*03:01, 05:01 are identified as risk alleles. As seen in Table 5 on immunodeficiency caused by TB, HIV-1 or HIV-1/TB coinfection, alleles DRB1*12:01, 14:01, 16:01, DQA1*01:02, 01:03, 02:01, 06:01, DQB1*03:03, and 06:01 are identified as protective, but DRB1*07:01, 11:01, 15:01, DQA1*02:01, 03:01, DQB1*03:01, and 05:01 are identified as risk alleles.",Abstract and Results
PMC11130985,HLA-DQB1*05:01,HLA-DRB1,HLA Allele,DQB1*05:01,Latvia,Risk,Susceptibility,"For immunodeficiency caused by TB, HIV-1 or HIV-1/TB coinfection, alleles DRB1*12:01, 14:01, 16:01, DQA1*01:02, 01:03, 02:01, 06:01, DQB1*03:03, 06:01 are identified as protective, but DRB1*07:01, 11:01, 15:01, DQA1*02:01, 03:01, DQB1*03:01, 05:01 are identified as risk alleles. As seen in Table 5 on immunodeficiency caused by TB, HIV-1 or HIV-1/TB coinfection, alleles DRB1*12:01, 14:01, 16:01, DQA1*01:02, 01:03, 02:01, 06:01, DQB1*03:03, and 06:01 are identified as protective, but DRB1*07:01, 11:01, 15:01, DQA1*02:01, 03:01, DQB1*03:01, and 05:01 are identified as risk alleles.",Abstract and Results
PMC11130985,HLA-DRB1*04:01,HLA-DQB1,HLA Allele,DRB1*04:01,Latvia,Protective,Susceptibility,"In our study these alleles, HLA-DRB1*04:01; HLA-DQA1*01:03; HLA-DQB1*03:04; 06:01; and 06:02-8, also are identified as protective alleles against HIV infection in HIV-1 and HIV-1/TB groups.",Discussion
PMC11130985,HLA-DQA1*01:03,HLA-DQA1,HLA Allele,DQA1*01:03,Latvia,Protective,Susceptibility,"In our study these alleles, HLA-DRB1*04:01; HLA-DQA1*01:03; HLA-DQB1*03:04; 06:01; and 06:02-8, also are identified as protective alleles against HIV infection in HIV-1 and HIV-1/TB groups.",Discussion
PMC11130985,HLA-DQB1*03:04,HLA-DQB1,HLA Allele,DQB1*03:04,Latvia,Protective,Susceptibility,"In our study these alleles, HLA-DRB1*04:01; HLA-DQA1*01:03; HLA-DQB1*03:04; 06:01; and 06:02-8, also are identified as protective alleles against HIV infection in HIV-1 and HIV-1/TB groups.",Discussion
PMC11130985,HLA-DQB1*06:01,HLA-DQB1,HLA Allele,DQB1*06:01,Latvia,Protective,Susceptibility,"In our study these alleles, HLA-DRB1*04:01; HLA-DQA1*01:03; HLA-DQB1*03:04; 06:01; and 06:02-8, also are identified as protective alleles against HIV infection in HIV-1 and HIV-1/TB groups.",Discussion
PMC11130985,HLA-DQB1*06:02-8,HLA-DQB1,HLA Allele,DQB1*06:02-8,Latvia,Protective,Susceptibility,"In our study these alleles, HLA-DRB1*04:01; HLA-DQA1*01:03; HLA-DQB1*03:04; 06:01; and 06:02-8, also are identified as protective alleles against HIV infection in HIV-1 and HIV-1/TB groups.",Discussion
PMC11130985,HLA-A*02:05,HLA-A,HLA Allele,A*02:05,None,Protective,Susceptibility,"For instance, the associations between HLA genotype and disease severity extend broadly to several viruses. For example, in HIV-1, certain HLA types (e.g. HLA-A*02:05) may reduce the risk of seroconversion [ 38 ].",Discussion
PMC10552802,FUT8 rs4131564,FUT8,SNP,rs4131564,Amsterdam,Risk,Progression,Presence of the minor allele of SNP rs4131564 was associated with accelerated disease progression. We determined that the minor allele of SNP rs4131564 in FUT8 was associated with accelerated disease progression towards AIDS,Abstract and Discussion
PMC10552802,CCR5Δ32,CCR5,Deletion,Δ32,Amsterdam,Protective,Progression," The association was found to be independent of the CCR5Δ32 genotype and HLA-B∗57, which have previously been shown to influence disease progression [ 37 , 38 ].",Discussion
PMC10552802,HLA-B*57,HLA-B,Allele,B*57,Amsterdam,Protective,Progression," The association was found to be independent of the CCR5Δ32 genotype and HLA-B∗57, which have previously been shown to influence disease progression [ 37 , 38 ].",Discussion
PMC10552802,B4GALT1 rs12342831 ,B4GALT1,SNP,rs12342831,Amsterdam,Unclear,Progression,"SNPs previously identified to affect antibody glycosylation, rs12342831 (B4GALT1), rs11710456 (ST6GALT1), rs6421315 (IKZF1), rs11847263 (FUT8) and rs2072209 (LAMB1) [32,33], did not have an effect on HIV-1 disease progression in our study population (Supplementary Table 2). ",Results
PMC10552802,ST6GALT1 rs11710456,ST6GALT1,SNP,rs11710456,Amsterdam,Unclear,Progression,"SNPs previously identified to affect antibody glycosylation, rs12342831 (B4GALT1), rs11710456 (ST6GALT1), rs6421315 (IKZF1), rs11847263 (FUT8) and rs2072209 (LAMB1) [32,33], did not have an effect on HIV-1 disease progression in our study population (Supplementary Table 2). ",Results
PMC10552802,IKZF1 rs6421315 ,IKZF1,SNP,rs6421315,Amsterdam,Unclear,Progression,"SNPs previously identified to affect antibody glycosylation, rs12342831 (B4GALT1), rs11710456 (ST6GALT1), rs6421315 (IKZF1), rs11847263 (FUT8) and rs2072209 (LAMB1) [32,33], did not have an effect on HIV-1 disease progression in our study population (Supplementary Table 2). ",Results
PMC10552802,FUT8 rs11847263 ,UT8,SNP,rs11847263,Amsterdam,Unclear,Progression,"SNPs previously identified to affect antibody glycosylation, rs12342831 (B4GALT1), rs11710456 (ST6GALT1), rs6421315 (IKZF1), rs11847263 (FUT8) and rs2072209 (LAMB1) [32,33], did not have an effect on HIV-1 disease progression in our study population (Supplementary Table 2). ",Results
PMC10552802,LAMB1 rs2072209,LAMB1,SNP,rs2072209,Amsterdam,Unclear,Progression,"SNPs previously identified to affect antibody glycosylation, rs12342831 (B4GALT1), rs11710456 (ST6GALT1), rs6421315 (IKZF1), rs11847263 (FUT8) and rs2072209 (LAMB1) [32,33], did not have an effect on HIV-1 disease progression in our study population (Supplementary Table 2). ",Results
PMC10749428,rs2395029 G ,HLA-B,HLA Allele,B*57:01,Europeans,Protective,Progression,"Our analysis identified 2,626 SNPs significantly associated (p<5. 10-8) with elite control of HIV-1 infection, including well-established MHC signals such as the rs2395029-G allele which tags HLA-B*57:01. A thorough investigation of SNPs in linkage disequilibrium with rs2395029 revealed an extensive haploblock spanning 1.9 megabases in the MHC region tagging HLA-B*57:01, comprising 379 SNP alleles impacting 72 genes. ",Abstract
PMC10749428,HLA-B*57:03,HLA-B,HLA Allele,B*57:03,African Americans,Protective,Progression,"The study was expanded to include two cohorts of seropositive African-American individuals, where a haploblock tagging the HLA-B*57:03 allele was similarly associated with control of viral load. The mRNA expression profile of this haploblock in African Americans closely mirrored that in the European cohort.",Abstract
PMC10749428,rs1131446 T,None,SNP,rs1131446 T,African Americans,Protective,Progression,"In both CS1 and CS2, the SNP allele rs1131446-T on chromosome 6 showed the most significant association with viral load at setpoint by regression analysis (data not shown). This SNP exists in Europeans and is in strong LD with rs2395029 (R2 = 0.88, D’=0.96). In the two African American groups CS1 and CS2, rs1131446 had a MAF of 9%, whereas rs2395029 that tags HLA-B*57:01 was not observed. ",Results
PMC10749428,MICA rs4418214,MICA,SNP,rs4418214,European,Protective,Progression,"Interestingly, by stratifying our EC sample into those with viral loads below 100 copies/ml (referred to as EC2, N=217) and those with viral loads between 100 and 1,000 copies/ml (referred to as EC3, N=326), we noticed a strong enrichment (>30%) of the protective minor allele for rs2395029 corresponding to HLA-B*57:01 and rs4418214 corresponding to MICA (Table 1B). ",Results
PMC10749428,LINC02571 rs9264942 ,LINC02571,SNP,rs9264942,European,Protective,Progression,"Among these SNPs, the top four signals previously reported by Pereyra et al. (8) were confirmed (Table 1B) and also replicated in the independent GRIV study involving 50 ECs (15). ... rs9264942 LINC02571 38.5% 58.1% 55.7% 61.7% 10.9% 2.91E-32; 2.2 2.81E-35; 2.9",Results
PMC10749428,PSOR1C3 rs3131018 ,PSOR1C3,SNP,rs3131018,European,Protective,Progression,"Among these SNPs, the top four signals previously reported by Pereyra et al. (8) were confirmed (Table 1B) and also replicated in the independent GRIV study involving 50 ECs (15). ... rs3131018 PSOR1C3 36.3% 22.7% 22.4% 22.8% 0% 9.84E-18; 1.9 4.210-16; 2.1",Results
PMC10749428,CCR5,CCR5,Gene,None,European,Protective,Susceptibility," In 2013, the ICGH consortium, a global collaborative effort comprising multiple AIDS GWAS studies published a first large genome-wide association study comparing 6,300 HIV-1 infected individuals and 7,200 uninfected controls and found no difference except in the well-known CCR5 region (9). In 2015, the same ICGH consortium studied genetic associations with the viral load at setpoint among the 6,300 HIV-1 infected individuals and found signals mostly in the MHC and to a lesser extent in the CCR5 region, reaffirming the prominent impact of the HLA region on viral load and disease progression (10).",Introduction
PMC10749428,NOTCH4 G534S ,NOTCH4,Missense SNV,G534S ,European,Protective,Progression,"Two variations found in the proteins NOTCH4 and DXO, respectively G534S and H261Q, are of particular interest due to their potential damaging effects, and they exhibit a strong LD with HLA-B*57:01 (Table 2). ... NOTCH4 is overexpressed in its mutated form associated with the haploblock minor alleles (Table 2), potentially reinforcing its inhibitory effect. ",Results
PMC10749428,DXO H261Q ,DXO,Missense SNV,H261Q ,European,Protective,Progression,"Two variations found in the proteins NOTCH4 and DXO, respectively G534S and H261Q, are of particular interest due to their potential damaging effects, and they exhibit a strong LD with HLA-B*57:01 (Table 2). ... NOTCH4 is overexpressed in its mutated form associated with the haploblock minor alleles (Table 2), potentially reinforcing its inhibitory effect. ",Results
PMC10749428,rs1131446 T ,HLA-B,SNP,rs1131446 T ,African Americans,Protective,Progression,"In both CS1 and CS2, the SNP allele rs1131446-T on chromosome 6 showed the most significant association with viral load at setpoint by regression analysis (data not shown). ... Rs1131446 represents a synonymous change at amino acid position 291 and serves as an excellent proxy for the HLA-B*57:03 allele, as LD assessment between rs1131446 and sequence-based HLA types in a subset of the ICGH sample of African descent (n=789) confirmed that the T allele is indeed linked to HLA-B*57:03 (r 2 = 0.81).",Results
PMC11128240,TLR9  rs352140 AA ,TLR9,Genotype,rs352140 AA,North Indian,Risk,Progression,Ninety eight HIV individuals who advanced to active TB/AIDS showed a significantly higher frequency of the AA genotype in TLR9 than did in HIV patients who had no TB/AIDS (p <0.001).,Abstract 
PMC11128240,TLR9  rs352140 A ,TLR9,Allele,rs352140 A,North Indian,Risk,Progression,"Compared to 275 HIV patients (no TB/AIDS), the frequency of the TLR9 “A” allele was found to be significantly higher in 98 HIV+ patients who progressed to active TB/AIDS (62.75%, p <0.001).",Results
PMC11128240,TLR9  rs352140 AG,TLR9,SNP genotype,rs352140 AG,North Indian,Protective,Progression,"However, the frequency of the AG genotype was significantly decreased in 98 HIV individuals who advanced to active TB/AIDS (13.25%) compared with 42.54% in HIV patients without TB/AIDS (p <0.001).",Results
PMC11128240,TLR9  rs352140 GG ,TLR9,SNP genotype,rs352140 GG,North Indian,Protective,Progression,These observations led to the conclusion that the ‘AA’ genotype of TLR9 might be associated with the susceptibility of TB among HIV patients and responsible for disease progression while ‘AG’ and ‘GG’ genotypes of TLR9 might be responsible for protecting the HIV patients from acquisition of TB infection.,Results
PMC10769057,HLA-B*27,HLA-B,Allele,B*27,None,Protective,Progression,"A prominent example is the influence of the HLA-B*27, the HLA-B*57:01 allele, or recently the HLA-B*46 associates (in Asian cohort) on disease progression [32–34].",Introduction
PMC10769057,HLA-B*57:01,HLA-B,Allele,B*57:01,None,Protective,Progression,"A prominent example is the influence of the HLA-B*27, the HLA-B*57:01 allele, or recently the HLA-B*46 associates (in Asian cohort) on disease progression [32–34].",Introduction
PMC10769057,HLA-B*46,HLA-B,Allele,B*46,Asian,Unclear,Progression,"A prominent example is the influence of the HLA-B*27, the HLA-B*57:01 allele, or recently the HLA-B*46 associates (in Asian cohort) on disease progression [32–34].",Introduction
PMC10769057,HLA-B*57:02,HLA-B,Allele,B*57:02,None,Protective,Progression,Further analyzing the learned coefficients of the per-site models with high performance revealed that the models learned known footprints for subtype C such as the association between the T242N mutation and the HLA alleles HLA-B*57:01/02/03 or HLA-B*58:01 as well as the T186S escape mutation associated with HLA-B*81:01 [66–68].,Results
PMC10769057,HLA-B*57:03,HLA-B,Allele,B*57:03,None,Protective,Progression,Further analyzing the learned coefficients of the per-site models with high performance revealed that the models learned known footprints for subtype C such as the association between the T242N mutation and the HLA alleles HLA-B*57:01/02/03 or HLA-B*58:01 as well as the T186S escape mutation associated with HLA-B*81:01 [66–68].,Results
PMC10769057,HLA-B*58:01,HLA-B,Allele,B*58:01,None,Protective,Progression,Further analyzing the learned coefficients of the per-site models with high performance revealed that the models learned known footprints for subtype C such as the association between the T242N mutation and the HLA alleles HLA-B*57:01/02/03 or HLA-B*58:01 as well as the T186S escape mutation associated with HLA-B*81:01 [66–68].,Results
PMC10769057,HLA-B*81:01,HLA-B,Allele,B*81:01,None,Protective,Progression,Further analyzing the learned coefficients of the per-site models with high performance revealed that the models learned known footprints for subtype C such as the association between the T242N mutation and the HLA alleles HLA-B*57:01/02/03 or HLA-B*58:01 as well as the T186S escape mutation associated with HLA-B*81:01 [66–68].,Results
PMC11748618,rs59784663 A/G,CHD1L,SNP polymorphism,rs59784663 A>G,African,Protective,Progression,"A recent genome-wide association study (GWAS) of HIV spVL with individuals of African ancestries identified a novel region on chromosome 1 that is significantly associated with decreased HIV spVL22. The top SNP from this study, rs59784663-A-G, is present in African populations ranging from 4 to 12%, and less than 0.1% in European and Asian populations23,24. ",Introduction
PMC11748618,rs72999655 A/G,CHD1L,SNP polymorphism,rs72999655 A>G,African,Protective,Progression,"These results suggest there is a strong likelihood that the variants rs72999655-A-G, rs73004025-C-T, and rs7525622-G-A, and/or their associated haplotypes, are driving the association between HIV spVL and increased CHD1L gene expression.",Results
PMC11748618,rs7525622 G/A,CHD1L,SNP polymorphism,rs7525622 G>A,African,Protective,Progression," These results suggest there is a strong likelihood that the variants rs72999655-A-G, rs73004025-C-T, and rs7525622-G-A, and/or their associated haplotypes, are driving the association between HIV spVL and increased CHD1L gene expression.",Results
PMC11748618,rs73004025 C/T,CHD1L,SNP polymorphism,rs73004025 C>T,African,Protective,Progression,"These results suggest there is a strong likelihood that the variants rs72999655-A-G, rs73004025-C-T, and rs7525622-G-A, and/or their associated haplotypes, are driving the association between HIV spVL and increased CHD1L gene expression.",Results
PMC11748618,rs72999634 A/G,CHD1L,SNP polymorphism,rs72999634 A>G,African,Protective,Progression,"There were twelve variants, rs72999634-A-G, rs72999637-T-C, rs72999638-T-A, rs72999639-T-C, rs72999640-C-T, rs72999646-T-A, rs72999648-G-A, rs72999655-A-G, rs72999656-C-T, rs7526114-G-A, rs59213667-G-A, and rs7535451-A-G, which tagged hypermethylation at four CpG sites (cg07572770, cg11120551, cg15022772, cg21917976) and hypomethylation at a single CpG site (cg25205988) (Fig. 4, Supplementary Table S5). The minor alleles of each variant were associated with methylation changes and were associated with decreased HIV spVL. These variants were in perfect LD (r2 = 1.0) with rs72999655-A-G, and since there variants are inherited together, we assessed their functional as a single effect.",Results
PMC11748618,rs72999637 T/C,CHD1L,SNP polymorphism,rs72999637 T>C,African,Protective,Progression,"There were twelve variants, rs72999634-A-G, rs72999637-T-C, rs72999638-T-A, rs72999639-T-C, rs72999640-C-T, rs72999646-T-A, rs72999648-G-A, rs72999655-A-G, rs72999656-C-T, rs7526114-G-A, rs59213667-G-A, and rs7535451-A-G, which tagged hypermethylation at four CpG sites (cg07572770, cg11120551, cg15022772, cg21917976) and hypomethylation at a single CpG site (cg25205988) (Fig. 4, Supplementary Table S5). The minor alleles of each variant were associated with methylation changes and were associated with decreased HIV spVL. These variants were in perfect LD (r2 = 1.0) with rs72999655-A-G, and since there variants are inherited together, we assessed their functional as a single effect.",Results
PMC11748618,rs72999638 T/A,CHD1L,SNP polymorphism,rs72999638 T>A,African,Protective,Progression,"There were twelve variants, rs72999634-A-G, rs72999637-T-C, rs72999638-T-A, rs72999639-T-C, rs72999640-C-T, rs72999646-T-A, rs72999648-G-A, rs72999655-A-G, rs72999656-C-T, rs7526114-G-A, rs59213667-G-A, and rs7535451-A-G, which tagged hypermethylation at four CpG sites (cg07572770, cg11120551, cg15022772, cg21917976) and hypomethylation at a single CpG site (cg25205988) (Fig. 4, Supplementary Table S5). The minor alleles of each variant were associated with methylation changes and were associated with decreased HIV spVL. These variants were in perfect LD (r2 = 1.0) with rs72999655-A-G, and since there variants are inherited together, we assessed their functional as a single effect.",Results
PMC11748618,rs72999639 T/C,CHD1L,SNP polymorphism,rs72999639 T>C,African,Protective,Progression,"There were twelve variants, rs72999634-A-G, rs72999637-T-C, rs72999638-T-A, rs72999639-T-C, rs72999640-C-T, rs72999646-T-A, rs72999648-G-A, rs72999655-A-G, rs72999656-C-T, rs7526114-G-A, rs59213667-G-A, and rs7535451-A-G, which tagged hypermethylation at four CpG sites (cg07572770, cg11120551, cg15022772, cg21917976) and hypomethylation at a single CpG site (cg25205988) (Fig. 4, Supplementary Table S5). The minor alleles of each variant were associated with methylation changes and were associated with decreased HIV spVL. These variants were in perfect LD (r2 = 1.0) with rs72999655-A-G, and since there variants are inherited together, we assessed their functional as a single effect.",Results
PMC11748618,rs72999640 C/T,CHD1L,SNP polymorphism,rs72999640 C>T,African,Protective,Progression,"There were twelve variants, rs72999634-A-G, rs72999637-T-C, rs72999638-T-A, rs72999639-T-C, rs72999640-C-T, rs72999646-T-A, rs72999648-G-A, rs72999655-A-G, rs72999656-C-T, rs7526114-G-A, rs59213667-G-A, and rs7535451-A-G, which tagged hypermethylation at four CpG sites (cg07572770, cg11120551, cg15022772, cg21917976) and hypomethylation at a single CpG site (cg25205988) (Fig. 4, Supplementary Table S5). The minor alleles of each variant were associated with methylation changes and were associated with decreased HIV spVL. These variants were in perfect LD (r2 = 1.0) with rs72999655-A-G, and since there variants are inherited together, we assessed their functional as a single effect.",Results
PMC11748618,rs72999646 T/A,CHD1L,SNP polymorphism,rs72999646 T>A,African,Protective,Progression,"There were twelve variants, rs72999634-A-G, rs72999637-T-C, rs72999638-T-A, rs72999639-T-C, rs72999640-C-T, rs72999646-T-A, rs72999648-G-A, rs72999655-A-G, rs72999656-C-T, rs7526114-G-A, rs59213667-G-A, and rs7535451-A-G, which tagged hypermethylation at four CpG sites (cg07572770, cg11120551, cg15022772, cg21917976) and hypomethylation at a single CpG site (cg25205988) (Fig. 4, Supplementary Table S5). The minor alleles of each variant were associated with methylation changes and were associated with decreased HIV spVL. These variants were in perfect LD (r2 = 1.0) with rs72999655-A-G, and since there variants are inherited together, we assessed their functional as a single effect.",Results
PMC11748618,rs72999648 G/A,CHD1L,SNP polymorphism,rs72999648 G>A,African,Protective,Progression,"There were twelve variants, rs72999634-A-G, rs72999637-T-C, rs72999638-T-A, rs72999639-T-C, rs72999640-C-T, rs72999646-T-A, rs72999648-G-A, rs72999655-A-G, rs72999656-C-T, rs7526114-G-A, rs59213667-G-A, and rs7535451-A-G, which tagged hypermethylation at four CpG sites (cg07572770, cg11120551, cg15022772, cg21917976) and hypomethylation at a single CpG site (cg25205988) (Fig. 4, Supplementary Table S5). The minor alleles of each variant were associated with methylation changes and were associated with decreased HIV spVL. These variants were in perfect LD (r2 = 1.0) with rs72999655-A-G, and since there variants are inherited together, we assessed their functional as a single effect.",Results
PMC11748618,rs72999656 C/T,CHD1L,SNP polymorphism,rs72999656 C>T,African,Protective,Progression,"There were twelve variants, rs72999634-A-G, rs72999637-T-C, rs72999638-T-A, rs72999639-T-C, rs72999640-C-T, rs72999646-T-A, rs72999648-G-A, rs72999655-A-G, rs72999656-C-T, rs7526114-G-A, rs59213667-G-A, and rs7535451-A-G, which tagged hypermethylation at four CpG sites (cg07572770, cg11120551, cg15022772, cg21917976) and hypomethylation at a single CpG site (cg25205988) (Fig. 4, Supplementary Table S5). The minor alleles of each variant were associated with methylation changes and were associated with decreased HIV spVL. These variants were in perfect LD (r2 = 1.0) with rs72999655-A-G, and since there variants are inherited together, we assessed their functional as a single effect.",Results
PMC11748618,rs7526114 G/A,CHD1L,SNP polymorphism,rs7526114 G>A,African,Protective,Progression,"There were twelve variants, rs72999634-A-G, rs72999637-T-C, rs72999638-T-A, rs72999639-T-C, rs72999640-C-T, rs72999646-T-A, rs72999648-G-A, rs72999655-A-G, rs72999656-C-T, rs7526114-G-A, rs59213667-G-A, and rs7535451-A-G, which tagged hypermethylation at four CpG sites (cg07572770, cg11120551, cg15022772, cg21917976) and hypomethylation at a single CpG site (cg25205988) (Fig. 4, Supplementary Table S5). The minor alleles of each variant were associated with methylation changes and were associated with decreased HIV spVL. These variants were in perfect LD (r2 = 1.0) with rs72999655-A-G, and since there variants are inherited together, we assessed their functional as a single effect.",Results
PMC11748618,rs59213667 G/A,CHD1L,SNP polymorphism,rs59213667 G>A,African,Protective,Progression,"There were twelve variants, rs72999634-A-G, rs72999637-T-C, rs72999638-T-A, rs72999639-T-C, rs72999640-C-T, rs72999646-T-A, rs72999648-G-A, rs72999655-A-G, rs72999656-C-T, rs7526114-G-A, rs59213667-G-A, and rs7535451-A-G, which tagged hypermethylation at four CpG sites (cg07572770, cg11120551, cg15022772, cg21917976) and hypomethylation at a single CpG site (cg25205988) (Fig. 4, Supplementary Table S5). The minor alleles of each variant were associated with methylation changes and were associated with decreased HIV spVL. These variants were in perfect LD (r2 = 1.0) with rs72999655-A-G, and since there variants are inherited together, we assessed their functional as a single effect.",Results
PMC11748618,rs7535451 A/G,CHD1L,SNP polymorphism,rs7535451 A>G,African,Protective,Progression,"There were twelve variants, rs72999634-A-G, rs72999637-T-C, rs72999638-T-A, rs72999639-T-C, rs72999640-C-T, rs72999646-T-A, rs72999648-G-A, rs72999655-A-G, rs72999656-C-T, rs7526114-G-A, rs59213667-G-A, and rs7535451-A-G, which tagged hypermethylation at four CpG sites (cg07572770, cg11120551, cg15022772, cg21917976) and hypomethylation at a single CpG site (cg25205988) (Fig. 4, Supplementary Table S5). The minor alleles of each variant were associated with methylation changes and were associated with decreased HIV spVL. These variants were in perfect LD (r2 = 1.0) with rs72999655-A-G, and since there variants are inherited together, we assessed their functional as a single effect.",Results
PMC11748618,CHD1L,CHD1L,Gene,None ,African,Protective,Progression,"When we compared the dosage of likely causal variants to imputed CHD1L expression, controlling for sex and PC1, we saw that protective HIV spVL associated variant alleles were significantly correlated with increased CHD1L expression (p ≤ 2.22 × 10− 18, df = 11, F = 10.09) (Fig. 5). We next tested the relationship between CHD1L and HIV spVL, observing that increased CHD1L is significantly associated with decreased HIV spVL (p ≤ 0.04, df = 1, F = 4.1867) (Fig. 6).",Results
PMC11281405,IL2 rs2069762 GG,IL2,SNP genotype,rs2069762 GG,Brazil,Unclear,Progression,"The associative analysis between the SNPs and plasma cytokine concentrations in different groups showed statistical relevance for three polymorphisms: rs2069762 (IL2), where the GG genotype demonstrated higher IL-2 levels in HIV mono-infected individuals; rs2243250 (IL4), where the CT genotype showed higher IL-4 levels in the control group; and rs2069705 (IFNG), where the TT genotype showed higher IFN-γ levels in the coinfected group.",Abstract
PMC11281405,IFNG rs2069705 TT,IFNG,SNP genotype,rs2069705 TT,None,Unclear,Progression," We also observed rs2069705 to have significant relevance (IFNG). The difference occurred in G4, where it was observed that the homozygous TT genotype expressed higher plasma levels of IFN-γ when compared with the other genotypes (Figure 5).",Results
PMC11281405,IFNG rs2069705 CT,IFNG,SNP genotype,rs2069705 CT,Brazil,Protective,Progression,"Regarding SNP associations with CD4+/CD8+ counts, significant findings were observed in HIV mono-infected individuals: the rs2069705 (IFNG) polymorphism was linked to higher CD4+ counts with the CT genotype, and rs1799964 (TNF) was associated with higher CD8+ counts with the CC genotype. ",Abstract
PMC11281405,IFNG rs2069705 CC,IFNG,SNP genotype,rs2069705 CC,Brazil,Risk,Progression, A significant association was observed between SNP rs2069705 and the CD4+ T-cell count in the individuals with HIV mono-infection. The CC genotype was associated with lower CD4+ T-cell counts in individuals with HIV mono-infection. ,Discussion
PMC11281405,TNF rs1799964 CC,TNF,SNP genotype,rs1799964 CC, Brazil,Risk,Progression,"In addition, homozygous CC genotypes for rs1799964 (TNF) were associated with higher CD8+ and lower CD4+ T-cell counts compared to some individuals with HIV mono-infection group. These results suggest that SNP genotypes are related to more active cytotoxic responses in relation to HIV and/or EBV infections. ",Discussion
PMC11293080,KIR2DL1,KIR2DL1,Gene,None,Cameroon,Protective,Susceptibility,"KIR2DL1 gene was significantly underrepresented in HEU versus HUU (OR = 0.183, 95%CI: 0.053-0.629; p = 0.003), and the absence of KIR2DL1 was significantly associated with infection-related hospitalization (p < 0.001; aOR = 0.063; 95%CI: 0.017-0.229).",Abstract
PMC11293080,KIR2DS1,KIR2DS1,Gene,None,Cameroon,Risk,Susceptibility,"In Cameroon, the frequencies of KIR2DS1, KIR2DS5, and KIR2DL5 were significantly different between infants perinatally infected with HIV-1 [31]. There is a paucity of literature on how the KIR diversity informs the perspectives on HIV disease states in understudied African settings.",Introduction 
PMC11293080,KIR2DS5,KIR2DS5,Gene,None,Cameroon,Risk,Susceptibility,"In Cameroon, the frequencies of KIR2DS1, KIR2DS5, and KIR2DL5 were significantly different between infants perinatally infected with HIV-1 [31]. There is a paucity of literature on how the KIR diversity informs the perspectives on HIV disease states in understudied African settings.",Introduction 
PMC11293080,KIR2DL5,KIR2DL5,Gene,None,Cameroon,Risk,Susceptibility,"In Cameroon, the frequencies of KIR2DS1, KIR2DS5, and KIR2DL5 were significantly different between infants perinatally infected with HIV-1 [31]. There is a paucity of literature on how the KIR diversity informs the perspectives on HIV disease states in understudied African settings.",Introduction 
PMC11293080,KIR2DL2,KIR2DL2,Gene,None,Burkina Faso,Risk,Susceptibility,"Conversely, in Burkina Faso, KIR2DL2, KIR2DS2, KIR2DS3, KIR2DS4, and KIR3DS1 were found to be significantly associated with HIV-1 infection, whereas KIR3DL1 was associated with protection against HIV-1 infection [29]. ",Introduction
PMC11293080,KIR2DS2,KIR2DS2,Gene,None,Burkina Faso,Risk,Susceptibility,"Conversely, in Burkina Faso, KIR2DL2, KIR2DS2, KIR2DS3, KIR2DS4, and KIR3DS1 were found to be significantly associated with HIV-1 infection, whereas KIR3DL1 was associated with protection against HIV-1 infection [29]. ",Introduction
PMC11293080,KIR2DS3,KIR2DS3,Gene,None,Burkina Faso,Risk,Susceptibility,"Conversely, in Burkina Faso, KIR2DL2, KIR2DS2, KIR2DS3, KIR2DS4, and KIR3DS1 were found to be significantly associated with HIV-1 infection, whereas KIR3DL1 was associated with protection against HIV-1 infection [29]. ",Introduction
PMC11293080,KIR2DS4,KIR2DS4,Gene,None,Burkina Faso,Risk,Susceptibility,"Conversely, in Burkina Faso, KIR2DL2, KIR2DS2, KIR2DS3, KIR2DS4, and KIR3DS1 were found to be significantly associated with HIV-1 infection, whereas KIR3DL1 was associated with protection against HIV-1 infection [29]. ",Introduction
PMC11293080,KIR3DS1,KIR3DS1,Gene,None,Burkina Faso,Risk,Susceptibility,"Conversely, in Burkina Faso, KIR2DL2, KIR2DS2, KIR2DS3, KIR2DS4, and KIR3DS1 were found to be significantly associated with HIV-1 infection, whereas KIR3DL1 was associated with protection against HIV-1 infection [29]. ",Introduction
PMC11293080,KIR3DL1,KIR3DL1,Gene,None,Burkina Faso,Protective,Resistance,"Conversely, in Burkina Faso, KIR2DL2, KIR2DS2, KIR2DS3, KIR2DS4, and KIR3DS1 were found to be significantly associated with HIV-1 infection, whereas KIR3DL1 was associated with protection against HIV-1 infection [29]. ",Introduction
PMC11645281,None,None,None,None,None,None,None,No human genetic factors associated with HIV found in the text.,None 
PMC10210444,CCR5 rs1799987,CCR5,SNP polymorphism,rs1799987 A/G,Ugandan,Protective,Progression,"We found rs1799987 SNP (-2459 A/G) predominantly among HIV controllers (71.4% of the elite controllers and 60% of the viremic controllers) while rs41469351 (-2132 C/T) SNP was predominantly found among the treated HIV non-controllers (57.1%). From previous studies, rs1799987 SNP has been reported to reduce CCR5 expression while rs41469351 has been associated with increased perinatal HIV transmission and vaginal HIV shedding [27, 30–33].",Results
PMC10210444,CCR5 rs41469351,CCR5,SNP polymorphism,rs41469351 C/T ,Ugandan,Risk,Susceptibility,"On the other hand, treated HIV non-controllers predominantly had the rs41469351 SNP. Kostrikis et al. and John et al. have reported that infants with rs41469351 SNP have enhanced susceptibility to HIV − 1 infection [31, 32]. Kostrikis et al. reported that this mutation is associated with increased perinatal HIV transmission. To the contrary, John et al. and Singh et al. did not find such a relationship [32, 33]. However, John et al. reported that women with the rs41469351 SNP had a 3.1-fold increased risk of death during the 2-year follow-up period and significantly increased vaginal shedding of HIV-1–infected cells [32]. We believe rs41469351 SNP influences HIV infection, but its impact on CCR5 expression and viral entry remains to be determined.",Discussion
PMC10210444,CCR5Δ32,CCR5,Deletion,Δ32,None,Protective,Resistance,"Mutations in the gene encoding CCR5 for example, the equation M1 32 bp deletion, have been associated with either delayed progression to AIDS or resistance to HIV infection [4–9]. ",Introduction
PMC10210444,TRIM5α R136Q rs10838525 ,TRIM5,Missense SNP,rs10838525 R136Q,Ugandan,Protective,Progression,"Furthermore, in 2020, Amanya and colleagues reported that a subset of Ugandan HIV controllers carry the rs10838525 SNP (R136Q variant) within the Trim 5a encoding gene [21]. TRIM 5a is a viral restriction factor that interferes with HIV decapsidation [22]. This mutation enhances the protein’s affinity for HIV-1 and recent reports show it may be superior at blocking HIV-1 infection compared to the wild type [23]. ",Introduction
PMC10079023,HLA-A,HLA-A,HLA Allele,A,None,Mixed,Susceptibility,"Human genes with evidence for G×G include some genes that are textbook examples of associations with susceptibility to infectious disease, such as the MHC class I genes (HLA-A, HLA-B, HLA-C; G×G with, e.g., Plasmodium falciparum and HIV) and the blood group antigen gene ABO (G×G with Helicobacter pylori and Vibrio cholerae)",Results
PMC10079023,HLA-B,HLA-B,HLA allele,B,None,Mixed,Susceptibility,"Human genes with evidence for G×G include some genes that are textbook examples of associations with susceptibility to infectious disease, such as the MHC class I genes (HLA-A, HLA-B, HLA-C; G×G with, e.g., Plasmodium falciparum and HIV) and the blood group antigen gene ABO (G×G with Helicobacter pylori and Vibrio cholerae)",Results
PMC10079023,HLA-C,HLA-C,HLA allele,C,None,Mixed,Susceptibility,"Human genes with evidence for GÃ—G include some genes that are textbook examples of associations with susceptibility to infectious disease, such as the MHC class I genes ( HLA-A , HLA-B , HLA-C ; GÃ—G with, e.g., Plasmodium falciparum and HIV)",Results
PMC10079023,KIR2DL2,KIR2DL2,Gene,None,None,Protective,Resistance,"A study using an in vitro assay of HIV replication found that NK cells with at least 1 copy of the KIR2DL2 allele inhibit replication of 1 specific HIV genotype, while NK cells without KIR2DL2 have limited inhibitory effect regardless of HIV genotype [34], a pattern consistent with a GFG type G×G (Fig 2A). ",Results
PMC11731923,None,None,None,None,None,None,None,"No human genetic factors associated with HIV found in the text.The factors mentioned are viral genetic factors. Viral drug resistance mutations (DRMs) in the HIV-1 genome, such as mutations in the protease, reverse transcriptase, and integrase genes (e.g., R263K, Y143H, K103N, V179D, G118R, Q148H/R, T215S, K65E, L100I, V179E) and viral subtypes and circulating recombinant forms (CRFs), such as CRF01_AE, subtype B, CRF02_AG, and various recombinant forms.",None 
PMC11696297,MBL2 O/O,MBL2,SNP genotype,rs1800450/rs5030737,Morocco,Risk,Susceptibility,"Similar findings were found in research conducted in Morocco, which revealed a significant increase in susceptibility to HIV-1 infection in individuals carrying the O/O genotype29. ",Discussion
PMC11472541,None,None,None,None,None,None,None,No human genetic factors associated with HIV found in the text.,None 
PMC11875805,None,None,None,None,None,None,None,No human genetic factors associated with HIV found in the text.,None 
PMC11429533,None,TP53,None,None,None,None,None,No human genetic factors associated with HIV found in the text.,None 
PMC11599110,None,None,None,None,None,None,None,No human genetic factors associated with HIV found in the text.,None 
PMC11669954,CCR5Δ32 homozygous,CCR5,Deletion,Δ32,None,Protective,Resistance," The evidence of the crucial role of CCR5 in HIV-1 pathogenesis came from the discovery of the Δ32 allele, a 32 base pair deletion in the CCR5 gene-coding region that gives rise to a non-functional receptor. In humans, homozygosis results in an almost complete protection from HIV-1 infection and is indeed associated with the resistance to infection of some HIV-exposed seronegative (HESN) subjects (Liu et al., 1996). ",Introduction
PMC11360854,None,None,None,None,None,None,None,No human genetic factors associated with HIV found in the text.,None 
PMC11814211,None,None,None,None,None,None,None,No human genetic factors associated with HIV found in the text.,None 
PMC11091187,CCR5Δ32 homozygous,CCR5,Deletion,Δ32,Caucasian,Protective,Resistance,"The stem cells have a homozygous mutation in the CCR5 gene (CCR5Δ32/Δ32), this results in no CCR5 on their cell membrane, and confers resistance to CCR5-tropic HIV strains. There are a few populations that have naturally occurring CCR5Δ32. The most abundant CCR5 gene mutation is the heterozygous mutation which presents at ~ 10%. However, the homozygous mutation frequency is only ~ 1% as presenting in the Caucasian population (European descent), while this allele is almost absent in Africans, Native Americans, and Asians7. ",Introduction
PMC11533037,CCR5Δ32 heterozygous,CCR5,Deletion,Δ32,Thailand ,Protective,Susceptibility," The best evidence comes from the identification of X4 viruses in people homozygous for the CCR5 delta 32 allele.3, 4, 5, 6, 7 These studies suggested that clinical HIV-1 infection could be established and maintained by the CXCR4 coreceptor. ",Introduction
PMC11533037,CCR5 wild type,CCR5,Genotype,wild,Thailand,Risk,Susceptibility,X4-tropic HIV-1 is transmissible through mucosal route in people with wild-type CCR5 genotype. The CD4 subset tropism of HIV-1 may be an important determinant for HIV-1 transmissibility and virulence.,Abstract 
PMC11680417,None,None,None,None,None,None,None,No human genetic factors associated with HIV found in the text. Only HIV viral genetic factors were mentioned.,None 
PMC11395227,IL10 SNPs,IL10,SNP,None,South African,Protective,Susceptibility,"Naicker et al. (2009) demonstrated that IL-10 gene SNPs linked to heightened IL-10 expression correlated with a reduced risk of HIV-1 infection; however, individuals with these SNPs were more prone to higher viral loads during the initial 3 months of infection. ",Results
PMC11395227,IL10 −592 AA ,IL10,SNP genotype,rs1800872 AA,South African; North American; African American,Risk,Susceptibility,"The authors further demonstrated that among their South African cohort, those that expressed the AA genotype of −592 C>A were at higher risk of HIV infection [86]. This finding was supported by Shin et al. (2000) and Shrestha et al. (2010) who reported similar findings in their North American cohort and African American cohorts, respectively [85,87].",Results
PMC11395227,IL10 −1082 G,IL10,SNP allele,rs1800896 G,Zimbabwean,Protective,Progression,"In contrast, Erikstrup et al. (2007) reported a protective role of the G allele of the IL-10 promotor polymorphism, −1082 G>A. These authors reported increased IL-10 production, attenuated by a CD4+ T cell decrease and improved survival in Zimbabwean carriers of this allele [88].",Results
PMC11395227,IL10  pathway,IL10,Pathway variation,NA,European,Unclear,Treatment Response,"Notably, variations within the IL-10 gene pathway have also been implicated in influencing immunological response to HAART. While several of these studies have been conducted in European study populations, fewer investigations have sought to explore this effect in minority populations.",Results
PMC11858172,None,None,None,None,None,None,None,No human genetic factors associated with HIV found in the text.,None 
PMC11860778,None,None,None,None,None,None,None,No human genetic factors associated with HIV found in the text.,None 
PMC11373203,ABCC2 rs2273697 A,ABCC2,SNP allele,rs2273697 A,Ghana,Mixed,Treatment Response,"In unadjusted and adjusted analyses, the variant allele A of ABCC2 rs2273697 SNP was associated with higher intracellular 3TC-TP concentrations in PBMC, with median concentrations of 17.57, 11.40, and 9.56 pmol/106 cells in participants with AA, AG, and GG genotypes, respectively (unadjusted P = 0.032 and adjusted P = 0.015) (Fig. 1)",Results
PMC11373203,SLC28A2 rs11854484 T,SLC28A2,SNP allele,rs11854484 T,Ghana,Risk,Treatment Response," One SNP SLC28A2 rs11854484 was associated with HIV non-suppression. Four out of 23 (17.39%) SLC28A2 rs11854484 T carriers had HIV non-suppression compared to 6 out of 113 (5.31%) in those with CC genotype, with adjusted OR of HIV non-suppression of 5.14 (1.14–23.09), P = 0.033 (Table 4).",Results
PMC11373203,ABCC2 rs717620 CT,ABCC2,SNP genotype,rs717620 CT,Ghana,Risk,Treatment Response,"Two other SNPs had a trend for association with HIV non-suppression. 18.18% of ABCC2 rs717620 CT carriers vs 6.40% of CC participants had HIV non-suppression, with an adjusted OR of 6.38 (0.89–45.5) (P = 0.065) (Table 4). ",Results
PMC11373203,PDE1C rs30561 CT/TT,PDE1C,SNP genotype,rs30561 CT/TT ,Ghana,Risk,Treatment Response,"14.81% of participants are PDE1C rs30561 CT carriers vs 5.50% of participants with CC genotype HIV non-suppression, with adjusted OR of 4.25 (0.79–22.79), P = 0.091. ",Results
PMC11285832,CCR5Δ32 homozygous,CCR5,Deletion,Δ32,Brazil,Protective,Resistance,"The CCR5Δ32 allele frequency was 7.4% (CI0.95 6.4-8.4%), and the frequency of the Δ32/Δ32 homozygous genotype was 0.72% (CI0.95 0.34-1.31%). In general, HLA genotypes are homogeneously distributed between CCR5Δ32 carriers and non-carriers. Considering the large number of bone marrow donors in Brazil and the high CCR5Δ32 allele frequency observed in our study, our results clearly indicate the existence of a considerable amount of potential CCR5Δ32 homozygous bone marrow donors in southern Brazil, suggesting that an active search for these donors is not only feasible but an attractive and promising strategy towards effective HIV infection control and treatment.",Abstract
PMC11254536,HLA-B*35,HLA-B,HLA allele,B*35,Colombia,Mixed,Progression,"In Colombia, the most frequent HLA-B allele is HLA-B*35 [13], an allele associated with rapid, but also with delayed progression of AIDS depending on the HLA-B*35 specific proteins and the circulating HIV-1 strains [[14], [15], [16], [17], [18]]. Interestingly, HLA-B*35 alleles are thought to display a greater diversity of self-peptides, leading to a lower probability of recognizing mutated viral epitopes compared to a CD8+ T-cell restricted by other HLA-I molecules [19]. ",Introduction
PMC11254536,HLA-B*35-Px,HLA-B,HLA allele,B*35-Px,None,Risk,Progression,"HLA-B*35-Px molecules (B*35:02/03/04), which are associated with a more rapid disease progression, also bind peptides with a proline at P2 but differ in their F-pocket anchor residue P9, with a more promiscuous peptide binding in this site [36]. CD8+ T-cell failure in HLA-B*35-Px+ individuals to control viral replication has also been addressed to selective upregulation of CTLA-4 rather than the peptide specificity [37]. ",Results
PMC11254536,HLA-B*35-Py,HLA-B,HLA allele,B*35-Py,None,Protective,Progression,"HLA-B*35-Py molecules (B*35:01/08) preferably bind peptides with a proline (P) at anchor residue in position 2 (P2) and a tyrosine (Y) at position 9 (P9). HLA-B*35-Px molecules (B*35:02/03/04), which are associated with a more rapid disease progression, also bind peptides with a proline at P2 but differ in their F-pocket anchor residue P9, with a more promiscuous peptide binding in this site [36]. ",Results
PMC11254536,HLA-A*01:01,HLA-A,HLA allele,A*01:01,None,Protective,Resistance,"Luo M et al. evaluated the recognition of variants belonging to subtypes A, B, and C of the HY9 epitope in patients expressing the protective allele HLA-A*01:01. ",Discussion
PMC10493081,C19orf66 rs12611087 C,C19orf66,SNP allele,rs12611087,Yunnan,Protective,Susceptibility,"Alleles C and T of rs12611087 play protective and risk roles in Yunnan HIV population, respectively. ",Abstract
PMC10493081,C19orf66rs12611087 T,C19orf66,SNP allele,rs12611087,Yunnan,Risk,Susceptibility,"Alleles C and T of rs12611087 play protective and risk roles in Yunnan HIV population, respectively. ",Abstract
PMC10493081,C19orf66 rs12611087 CC,C19orf66,SNP genotype,rs12611087,Yunnan,Protective,Susceptibility,"Genotype CC shows a higher frequency in controls (77.45%, 347/448) than in HIV-1 patients (68.88%, 290/421), and P-value is 0.006. ",Results
PMC10493081,C19orf66 rs12611087 CT,C19orf66,SNP genotype,rs12611087,Yunnan,Risk,Susceptibility,"However, the frequency of genotype CT is significantly lower in controls (20.53%, 92/448) than in HIV patients (27.79%, 117/421) (P = 0.016). ",Results
PMC10493081,C19orf66 rs77076061 AA,C19orf66,SNP genotype,rs77076061,Yunnan,Unclear,Progression,"The CD3+/CD45+ ratio significantly increased in HIV patients with genotype AA and AT of rs77076061 (100.3 ± 25.50%) than in patients with genotype TT (75.43 ± 0.7%, P = 0.041).",Results
PMC10493081,C19orf66 rs77076061 AT,C19orf66,SNP genotype,rs77076061,Yunnan,Unclear,Progression,"The CD3+/CD45+ ratio significantly increased in HIV patients with genotype AA and AT of rs77076061 (100.3 ± 25.50%) than in patients with genotype TT (75.43 ± 0.7%, P = 0.041).",Results
PMC10493081,C19orf66 rs77076061 TT,C19orf66,SNP genotype,rs77076061,None,Risk,Progression,Biochemical indices analysis shows that HIV-1 infected persons carried genotype TT of rs77076061 express significantly lower CD3 + /CD45 + ratio level and higher IBIL level.,Abstract
PMC11054413,TREX1 rs3135941 T/C,TREX1,SNP polymorphism,rs3135941 T>C,Amsterdam and Iran,Risk,Progression,"However, in contrast, previous studies showed an association between the TREX1 rs3135941 polymorphism (T/C) and the speed of progression of HIV-1 infection as result of increased virus replication, indicating that the TREX1 rs3135941 polymorphism (T/C) may promote higher exonuclease activity, which would result in reduced IFN-I production [23,26]. The TREX1 rs3135945 polymorphism (G/A) has been associated with susceptibility to HIV-1 infection in individuals of Caucasian descent [22].  The TREX1 rs3135941 (T/C) polymorphism was evaluated in individuals from Amsterdam and Iran [23,26], while the TREX1 rs3135945 (G/A) polymorphism was evaluated in individuals from Italy [22].",Discusion
PMC11054413,TREX1 rs3135945 G/A,TREX1,SNP polymorphism,rs3135945 G>A,Caucasian; Italy,Risk,Susceptibility,The TREX1 rs3135945 polymorphism (G/A) has been associated with susceptibility to HIV-1 infection in individuals of Caucasian descent [ 22 ]. ... the TREX1 rs3135945 (G/A) polymorphism was evaluated in individuals from Italy [ 22 ]. ,Discussion
PMC11054413,TREX1 rs11797 C/T,TREX1,SNP polymorphism,rs11797 C>T,Brazilian Amazon,Unclear,Unclear,"The group investigated in the present study originates from the city of Belém, which is part of the Brazilian Amazon. This is a mixed-race population with a genetic contribution from white Europeans, black Africans, and native indigenous peoples [27]. Thus, it is possible that the frequencies of the investigated polymorphisms may be associated with HIV-1 infection only in certain ethnic groups. Another example is the TREX1 polymorphism rs11797 (C/T), which was associated with HIV-1 infection in the same population as in the previous study [6], but not in the study that evaluated the polymorphism in a population of different ethnicities [22].",Discussion
PMC10989307,None,None,None,None,None,None,None,No human genetic factors found in the text linked to HIV. The host genetic factors in the text are linked to metabolic complications.,None 
PMC11836648,None,None,None,None,None,None,None,No human genetic factors found in the text linked to HIV. Only mentioned HIV virus genetic factors.,None 
PMC11388266,None,None,None,None,None,None ,None,No human genetic factors found in the text linked to HIV. Only mentioned expression-based findings.,None 
PMC11855707,None,None,None,None,None,None,None,No human genetic factors associated with HIV found in the text.,
PMC11784016,APOBEC3G,APOBEC3G,Gene,None,None,Protective,Resistance,"Several APOBEC3 enzymes restrict HIV-1 by deaminating cytosine to form uracil in single-stranded proviral (-)DNA. ... Out of the seven human A3 family members, five (A3C S188I, A3D, A3F, A3G, and A3H [Haplotypes II, V, and VII]) have been reported to inhibit HIV-1 in the absence of its Vif protein (7,–12). ",Introduction
PMC11784016,APOBEC3F,APOBEC3F,Gene,None,None,Protective,Resistance,"Out of the seven human A3 family members, five (A3C S188I, A3D, A3F, A3G, and A3H [Haplotypes II, V, and VII]) have been reported to inhibit HIV-1 in the absence of its Vif protein (7,–12). ",Introduction
PMC11784016,APOBEC3H Haplotype II,APOBEC3H,Haplotype,II,None,Protective,Resistance,"Out of the seven human A3 family members, five (A3C S188I, A3D, A3F, A3G, and A3H [Haplotypes II, V, and VII]) have been reported to inhibit HIV-1 in the absence of its Vif protein (7,–12). ",Introduction
PMC11784016,APOBEC3H Haplotype V,APOBEC3H,Haplotype,V,None,Protective,Resistance,"Out of the seven human A3 family members, five (A3C S188I, A3D, A3F, A3G, and A3H [Haplotypes II, V, and VII]) have been reported to inhibit HIV-1 in the absence of its Vif protein (7,–12). ",Introduction
PMC11784016,APOBEC3H Haplotype VII,APOBEC3H,Haplotype,VII,None,Protective,Resistance,"Out of the seven human A3 family members, five (A3C S188I, A3D, A3F, A3G, and A3H [Haplotypes II, V, and VII]) have been reported to inhibit HIV-1 in the absence of its Vif protein (7,–12). ",Introduction
PMC11784016,APOBEC3C S188I,APOBEC3C,Missense SNV,S188I,None,Protective,Resistance,"Out of the seven human A3 family members, five (A3C S188I, A3D, A3F, A3G, and A3H [Haplotypes II, V, and VII]) have been reported to inhibit HIV-1 in the absence of its Vif protein (7,–12). ",Introduction
PMC11784016,APOBEC3D,APOBEC3D,Gene,None,None,Protective,Resistance,"Out of the seven human A3 family members, five (A3C S188I, A3D, A3F, A3G, and A3H [Haplotypes II, V, and VII]) have been reported to inhibit HIV-1 in the absence of its Vif protein (7,–12). ",Introduction
PMC11784016,APOBEC3F R128T,APOBEC3F,Missense SNV,R128T,None,Protective,Resistance,"To confirm and extend past studies, we used the A3F R128T mutant that showed increased restriction of HIV-1 T/F CH077 compared to A3F (36). ... Nonetheless, for both HIV-1LAI and HIV-1 T/F CH077, the data showed that A3F R128T is more resistant to Vif-mediated degradation than A3F (Fig. 3A).",Results
PMC11199549,HLA-DRB1*09,HLA-DRB1,HLA allele,DRB1*09,Brazilian Amazon,Risk,Susceptibility,"We found that the frequency of the DRB1*09 allele was significantly greater in individuals with HIV who were in the primary phase of EBV infection, at approximately 6 times greater in this group (OR: 6.15; CI (95%): 1.79–21.16; p: 0.0067). In contrast, the frequency of the DRB1*16 allele was greater in individuals with HIV who were in the past phase of EBV infection, at approximately 4 times greater in this group (OR: 4.19; CI (95%): 1.27–13.86; p: 0.0192) (Table 3). ... We conclude that the DRB1*09, *03 and *16 alleles seem to be associated with immunological modulation in different serological profiles of EBV infection in young adult patients from the Brazilian Amazon region who, in the majority, were coinfected with HIV-1. ",Results
PMC11199549,HLA-DRB1*03,HLA-DRB1,HLA allele,DRB1*03,Brazilian Amazon,Risk,Progression,"We observed that carriers of the DRB1*09 allele in the primary phase of EBV infection had both higher log10 HIV viral loads (DRB1*09 = median: 5.67; IIQ: 5.56–5.76); (others = median: 4.45; IIQ: 3.85–5.33); p: 0.0176) (Figure 7A) and CD8(+) T lymphocyte counts (DRB1*09 = median: 2766.5; IIQ: 2506.5–2949.0); (others = median: 1024.5; IIQ: 834.5–2136.8); p: 0.0285) (Figure 7C) than carriers of other alleles.  ... We conclude that the DRB1*09, *03 and *16 alleles seem to be associated with immunological modulation in different serological profiles of EBV infection in young adult patients from the Brazilian Amazon region who, in the majority, were coinfected with HIV-1. ",Results
PMC11199549,HLA-DRB1*16,HLA-DRB1,HLA allele,DRB1*16,Brazilian Amazon,Protective,Progression,"In contrast, the frequency of the DRB1*16 allele was greater in individuals with HIV who were in the past phase of EBV infection, at approximately 4 times greater in this group (OR: 4.19; CI (95%): 1.27–13.86; p: 0.0192) (Table 3). We conclude that the DRB1*09, *03 and *16 alleles seem to be associated with immunological modulation in different serological profiles of EBV infection in young adult patients from the Brazilian Amazon region who, in the majority, were coinfected with HIV-1. ",Results
PMC11329236,HLA-B*57:01,HLA-B,HLA allele,B*57:01,None,Protective,Progression,"Studies of HIV cohorts have revealed that specific human leukocyte antigen-B (HLA-B) alleles (i.e., HLA-B*5701 and B*2705)5,6 are consistently enriched in HIV controllers, whereas other HLA-B alleles are strongly associated with rapid progression (HLA-B*0702 and B*3501).7,8,9 ",Introduction
PMC11329236,HLA-B*27:05,HLA-B,HLA allele,B*27:05,None,Protective,Progression,"Studies of HIV cohorts have revealed that specific human leukocyte antigen-B (HLA-B) alleles (i.e., HLA-B*5701 and B*2705)5,6 are consistently enriched in HIV controllers, whereas other HLA-B alleles are strongly associated with rapid progression (HLA-B*0702 and B*3501).7,8,9 ",Introduction
PMC11329236,HLA-B*07:02,HLA-B,HLA allele,B*07:02,None,Risk,Progression,"Studies of HIV cohorts have revealed that specific human leukocyte antigen-B (HLA-B) alleles (i.e., HLA-B*5701 and B*2705)5,6 are consistently enriched in HIV controllers, whereas other HLA-B alleles are strongly associated with rapid progression (HLA-B*0702 and B*3501).7,8,9 ",Introduction
PMC11329236,HLA-B*35:01,HLA-B,HLA allele,B*35:01,None,Risk,Progression,"Studies of HIV cohorts have revealed that specific human leukocyte antigen-B (HLA-B) alleles (i.e., HLA-B*5701 and B*2705)5,6 are consistently enriched in HIV controllers, whereas other HLA-B alleles are strongly associated with rapid progression (HLA-B*0702 and B*3501).7,8,9 ",Introduction
PMC11329236,HLA-B residue 67 M,HLA-B,Amino acid residue,M67,None,Protective,Progression,"For example, certain HLA-B residues at positions 67, 70, and 97 (i.e., methionine 67, serine 70, and valine 97) were associated with the low viral loads, while residues (tyrosine 67, glutamine 70, and serine 97) were associated with high viral loads.12",Introduction
PMC11329236,HLA-B residue 70 S,HLA-B,Amino acid residue,S70,None,Protective,Progression,"For example, certain HLA-B residues at positions 67, 70, and 97 (i.e., methionine 67, serine 70, and valine 97) were associated with the low viral loads, while residues (tyrosine 67, glutamine 70, and serine 97) were associated with high viral loads.12",Introduction
PMC11329236,HLA-B residue 97 V,HLA-B,Amino acid residue,V97,None,Protective,Progression,"For example, certain HLA-B residues at positions 67, 70, and 97 (i.e., methionine 67, serine 70, and valine 97) were associated with the low viral loads, while residues (tyrosine 67, glutamine 70, and serine 97) were associated with high viral loads.12",Introduction
PMC11329236,HLA-B residue 67 Y,HLA-B,Amino acid residue,Y67,None,Risk,Progression,"For example, certain HLA-B residues at positions 67, 70, and 97 (i.e., methionine 67, serine 70, and valine 97) were associated with the low viral loads, while residues (tyrosine 67, glutamine 70, and serine 97) were associated with high viral loads.12",Introduction
PMC11329236,HLA-B residue 70 Q,HLA-B,Amino acid residue,Q70,None,Risk,Progression,"For example, certain HLA-B residues at positions 67, 70, and 97 (i.e., methionine 67, serine 70, and valine 97) were associated with the low viral loads, while residues (tyrosine 67, glutamine 70, and serine 97) were associated with high viral loads.12",Introduction
PMC11329236,HLA-B residue 97 S,HLA-B,Amino acid residue,S97,None,Risk,Progression,"For example, certain HLA-B residues at positions 67, 70, and 97 (i.e., methionine 67, serine 70, and valine 97) were associated with the low viral loads, while residues (tyrosine 67, glutamine 70, and serine 97) were associated with high viral loads.12",Introduction
PMC11329236,HLA-B residue 156 L,HLA-B,Amino acid residue,L156,None,Protective,Progression,"In a subsequent GWAS,15 which analyzed a larger and more diverse multi-ancestry population, a novel association was made between HIV outcomes and polymorphic residue 156 in the D-pocket of HLA-B, in addition to re-establishing the importance of residues at positions 67 and 97.",Introduction
PMC11329236,HLA-B residue 156 A,HLA-B,Amino acid residue,R156,None,Risk,Progression,"To determine the functional contribution of Leu156 (L156), we engineered a mutant HLA-B*5701 expressing cell line by substituting Leu156 (L156) with Arg (L156R), given that Arg was associated with the largest risk effect15 and is both an established HLA-B*57 micropolymorphism associated with reduced HIV control44 and present in the risk allele HLA-B*0702. ",Results
PMC11329236,HLA-B*57:02,HLA-B,HLA allele,B*57:02,None,Risk,Progression,"Interestingly, individuals who express B*5702 have substantially reduced frequencies of CD8+ T cell responses to the protective TW10 and KF11 epitopes and significantly higher viral load set points in comparison to other protective B*57 alleles that have a Leu at position 156 (i.e., B*5701 and B*5703).44",Discussion
PMC11329236,HLA-B*57:03,HLA-B,HLA allele,B*57:03,None,Protective,Progression,"Interestingly, individuals who express B*5702 have substantially reduced frequencies of CD8+ T cell responses to the protective TW10 and KF11 epitopes and significantly higher viral load set points in comparison to other protective B*57 alleles that have a Leu at position 156 (i.e., B*5701 and B*5703).44",Discussion
PMC11293078,None ,None,None,None,None,None,None,No human genetic factors found in the text linked to HIV. Only mentioned factors for TB drug toxicity.,None 
PMC11246342,HLA-B*57,HLA-B,HLA allele,B*57,None,Protective,Progression,"Genetic polymorphisms of HLA class I alleles presenting viral peptides on the surface of infected cells for recognition by HIV-specific CD8+ T cells have shown to be associated with increased likelihood of control (protective HLA, for example, HLA-B57, HLA-B*27, HLA-B*52 and HLA-B*14) and others with risk of disease progression (non-protective HLA, for example, HLA-B*07, HLA-B*08 and HLA-B*35).",Introduction
PMC11246342,HLA-B*27,HLA-B,HLA allele,B*27,None,Protective,Progression,"Genetic polymorphisms of HLA class I alleles presenting viral peptides on the surface of infected cells for recognition by HIV-specific CD8+ T cells have shown to be associated with increased likelihood of control (protective HLA, for example, HLA-B57, HLA-B*27, HLA-B*52 and HLA-B*14) and others with risk of disease progression (non-protective HLA, for example, HLA-B*07, HLA-B*08 and HLA-B*35).",Introduction
PMC11246342,HLA-B*52,HLA-B,HLA allele,B*52,None,Protective,Progression,"Genetic polymorphisms of HLA class I alleles presenting viral peptides on the surface of infected cells for recognition by HIV-specific CD8+ T cells have shown to be associated with increased likelihood of control (protective HLA, for example, HLA-B57, HLA-B*27, HLA-B*52 and HLA-B*14) and others with risk of disease progression (non-protective HLA, for example, HLA-B*07, HLA-B*08 and HLA-B*35).",Introduction
PMC11246342,HLA-B*14,HLA-B,HLA allele,B*14,None,Protective,Progression,"Genetic polymorphisms of HLA class I alleles presenting viral peptides on the surface of infected cells for recognition by HIV-specific CD8+ T cells have shown to be associated with increased likelihood of control (protective HLA, for example, HLA-B57, HLA-B*27, HLA-B*52 and HLA-B*14) and others with risk of disease progression (non-protective HLA, for example, HLA-B*07, HLA-B*08 and HLA-B*35).",Introduction
PMC11246342,HLA-B*07,HLA-B,HLA allele,B*07,None,Risk,Progression,"Genetic polymorphisms of HLA class I alleles presenting viral peptides on the surface of infected cells for recognition by HIV-specific CD8+ T cells have shown to be associated with increased likelihood of control (protective HLA, for example, HLA-B57, HLA-B*27, HLA-B*52 and HLA-B*14) and others with risk of disease progression (non-protective HLA, for example, HLA-B*07, HLA-B*08 and HLA-B*35).",Introduction
PMC11246342,HLA-B*08,HLA-B,HLA allele,B*08,None,Risk,Progression,"Genetic polymorphisms of HLA class I alleles presenting viral peptides on the surface of infected cells for recognition by HIV-specific CD8+ T cells have shown to be associated with increased likelihood of control (protective HLA, for example, HLA-B57, HLA-B*27, HLA-B*52 and HLA-B*14) and others with risk of disease progression (non-protective HLA, for example, HLA-B*07, HLA-B*08 and HLA-B*35).",Introduction
PMC11246342,HLA-B*35,HLA-B,HLA allele,B*35,None,Risk,Progression,"Genetic polymorphisms of HLA class I alleles presenting viral peptides on the surface of infected cells for recognition by HIV-specific CD8+ T cells have shown to be associated with increased likelihood of control (protective HLA, for example, HLA-B57, HLA-B*27, HLA-B*52 and HLA-B*14) and others with risk of disease progression (non-protective HLA, for example, HLA-B*07, HLA-B*08 and HLA-B*35).",Introduction
PMC11634010,CCR5Δ32,CCR5,Deletion,Δ32,Amsterdam,Protective,Progression,"Correlations between functional Fc features and time between SC and AIDS were significantly weaker when only individuals with no deletion in the CCR5 gene were included, but these correlations were minimally affected in individuals confirmed to not have the HLA-B57 or HLA-B27 genes ( S3B Fig ).",Results
PMC11634010,HLA-B*57,HLA-B,HLA allele,B*57,Amsterdam,Protective,Progression,"Correlations between functional Fc features and time between SC and AIDS were significantly weaker when only individuals with no deletion in the CCR5 gene were included, but these correlations were minimally affected in individuals confirmed to not have the HLA-B57 or HLA-B27 genes ( S3B Fig ).",Results
PMC11634010,HLA-B*27,HLA-B,HLA allele,B*27,Amsterdam,Protective,Progression,"Correlations between functional Fc features and time between SC and AIDS were significantly weaker when only individuals with no deletion in the CCR5 gene were included, but these correlations were minimally affected in individuals confirmed to not have the HLA-B57 or HLA-B27 genes ( S3B Fig ).",Results
PMC11634010,FcγRIIa H131 high affinity,FCGR2A,Allelic variant,H131,Amsterdam,Protective,Progression,"Both FcγRIIa and FcγRIIIa are represented in the human population as polymorphic variants of high (FcγRIIa-H131 and FcγRIIIa-V158) and low affinity (FcγRIIa-R131 and FcγRIIIa-F158) for IgG, with up to 50/50 prevalence in some populations [ 21 ]. ...since there is a sizable global population that do not express the high affinity allelic variants of FcγRIIa and FcγRIIIa, we also included low affinity allelic variants of these receptors in our analyses. This did not affect the correlations between FcγRIIa and time between SC and AIDS, but for FcγRIIIa there were significantly weaker or absent correlations with disease progression when we used the low affinity allelic variant ( S3C Fig ).",Results
PMC11634010,FcγRIIa R131 low affinity,FCGR2A,Allelic variant,R131,Amsterdam,Protective,Progression,"Both FcγRIIa and FcγRIIIa are represented in the human population as polymorphic variants of high (FcγRIIa-H131 and FcγRIIIa-V158) and low affinity (FcγRIIa-R131 and FcγRIIIa-F158) for IgG, with up to 50/50 prevalence in some populations [ 21 ]. ...since there is a sizable global population that do not express the high affinity allelic variants of FcγRIIa and FcγRIIIa, we also included low affinity allelic variants of these receptors in our analyses. This did not affect the correlations between FcγRIIa and time between SC and AIDS, but for FcγRIIIa there were significantly weaker or absent correlations with disease progression when we used the low affinity allelic variant ( S3C Fig ).",Results
PMC11634010,FcγRIIIa V158 high affinity,FCGR3A,Allelic variant,V158,Amsterdam,Protective,Progression,"Both FcγRIIa and FcγRIIIa are represented in the human population as polymorphic variants of high (FcγRIIa-H131 and FcγRIIIa-V158) and low affinity (FcγRIIa-R131 and FcγRIIIa-F158) for IgG, with up to 50/50 prevalence in some populations [ 21 ]. ...since there is a sizable global population that do not express the high affinity allelic variants of FcγRIIa and FcγRIIIa, we also included low affinity allelic variants of these receptors in our analyses. This did not affect the correlations between FcγRIIa and time between SC and AIDS, but for FcγRIIIa there were significantly weaker or absent correlations with disease progression when we used the low affinity allelic variant ( S3C Fig ).",Results
PMC11634010,FcγRIIIa F158 low affinity,FCGR3A,Allelic variant,F158,Amsterdam,Protective,Progression,"Both FcγRIIa and FcγRIIIa are represented in the human population as polymorphic variants of high (FcγRIIa-H131 and FcγRIIIa-V158) and low affinity (FcγRIIa-R131 and FcγRIIIa-F158) for IgG, with up to 50/50 prevalence in some populations [ 21 ]. ...since there is a sizable global population that do not express the high affinity allelic variants of FcγRIIa and FcγRIIIa, we also included low affinity allelic variants of these receptors in our analyses. This did not affect the correlations between FcγRIIa and time between SC and AIDS, but for FcγRIIIa there were significantly weaker or absent correlations with disease progression when we used the low affinity allelic variant ( S3C Fig ).",Results
PMC10531836,None,None,None,None,None,None,None,No human genetic factors associated with HIV found in the text.,None 
PMC11541314,None,None,None,None,None,None,None,No human genetic factors found in the text.,None 
PMC9894159,HLA-B*57:01,HLA-B,HLA allele,B*57:01,None,Protective,Progression,"The HLA ‘protective’ B∗57:01 was associated with significantly lower HIV usRNA ( q = 3.3 × 10 −3 ), and among the largest subgroup, European ancestry individuals, the CCR5Δ32 deletion was associated with smaller HIV tDNA ( P = 4.3 × 10 −3 ) and usRNA ( P = 8.7 × 10 −3 ). ",Abstract
PMC9894159,CCR5Δ32,CCR5,Deletion,Δ32,European ancestry,Protective,Progression,"The HLA ‘protective’ B∗57:01 was associated with significantly lower HIV usRNA ( q = 3.3 × 10 −3 ), and among the largest subgroup, European ancestry individuals, the CCR5Δ32 deletion was associated with smaller HIV tDNA ( P = 4.3 × 10 −3 ) and usRNA ( P = 8.7 × 10 −3 ). ",Abstract
PMC9894159,HLA-C*07,HLA-C,HLA allele,C*07,European,Risk,Progression,"Similarly, previously reported HLA-C*07 ‘risk’ allele also demonstrated a ‘risk’ trend (larger reservoir size) in our European subgroup (tDNA: β = 0.76, q = 0.072; usRNA: β = 0.41, q = 0.10). ",Results
PMC9894159,rs1015164, CCR5,SNP,rs1015164,European,Protective,Progression,"In addition, the previously reported long noncoding RNA variant which regulates differential CCR5 expression (rs1015164) [18], was significantly associated with smaller HIV reservoir size in Europeans (usRNA: β = −0.39, P = 0.027),",Results
PMC9894159,MX1 rs10670165,MX1,SNP,rs10670165,European ancestry,Mixed,Progression," In particular, 44 SNPs in linkage disequilibrium (LD) in the interferon-inducible myxovirus resistance 1 (MX1 or MXA) gene [54,55] were significantly associated with tDNA (all q < 0.03). MX1 is a paralog of MX2 (MXB), which encodes for a potent HIV-1 host restriction factor [56–58]. We then compared the directionality of the SNP hits with previously reported whole blood eQTL data at these loci [59–61] and found that the MX1 SNPs that were associated with larger HIV tDNA were in expression quantitative trait loci (eQTL) regions predicting increased MX1 expression while MX1 SNPs associated with smaller HIV tDNA were predicted to decrease MX1 expression (Table S7, Supplemental Digital Content).",Results
PMC9894159,MX1 rs469390,MX1,SNP,rs469390,European ancestry,Mixed,Progression," In particular, 44 SNPs in linkage disequilibrium (LD) in the interferon-inducible myxovirus resistance 1 (MX1 or MXA) gene [54,55] were significantly associated with tDNA (all q < 0.03). MX1 is a paralog of MX2 (MXB), which encodes for a potent HIV-1 host restriction factor [56–58]. We then compared the directionality of the SNP hits with previously reported whole blood eQTL data at these loci [59–61] and found that the MX1 SNPs that were associated with larger HIV tDNA were in expression quantitative trait loci (eQTL) regions predicting increased MX1 expression while MX1 SNPs associated with smaller HIV tDNA were predicted to decrease MX1 expression (Table S7, Supplemental Digital Content).",Results
PMC9894159,PPP1CB rs751660317,PPP1CB,SNP,rs751660317,None,Protective,Progression,"We also observed two additional SNPs associated with HIV tDNA: PPP1CB (protein phosphatase 1 catalytic subunit beta which reduces MX2's anti-HIV potency [58] and regulates HIV-1 transcription [62], q = 0.03) and IRAG2 (inositol 1,4,5-triphosphate receptor associated 2, which regulates delivery of peptides to major MHC class I molecules [63] and was differentially expressed during ART initiation and interruption in HIV+ individuals [64,65], q = 0.03) (Table ​(Table1).1).",Results
PMC9894159,IRAG2 s74867009,IRAG2,SNP,rs74867009,None,Protective,Progression,"We also observed two additional SNPs associated with HIV tDNA: PPP1CB (protein phosphatase 1 catalytic subunit beta which reduces MX2's anti-HIV potency [58] and regulates HIV-1 transcription [62], q = 0.03) and IRAG2 (inositol 1,4,5-triphosphate receptor associated 2, which regulates delivery of peptides to major MHC class I molecules [63] and was differentially expressed during ART initiation and interruption in HIV+ individuals [64,65], q = 0.03) (Table ​(Table1).1).",Results
PMC9894159,DDX3X SNPs,DDX3X,SNP,None,None,Protective,Progression,"HIV tDNA also showed trends with SNPs in DDX3X (DEAD-box helicase 3 X-linked, regulates production of type I interferons [66] and HIV-1 replication [67], q = 0.17) and AKAP6 (A-Kinase Anchoring Protein 6, which binds to protein kinase A, a signaling pathway associated with HIV latency reversal and T-cell proliferation [68,69], q = 0.20). ",Results
PMC9894159,AKAP6 rs17506750,AKAP6,SNP,rs17506750,None,Protective,Progression,"HIV tDNA also showed trends with SNPs in DDX3X (DEAD-box helicase 3 X-linked, regulates production of type I interferons [66] and HIV-1 replication [67], q = 0.17) and AKAP6 (A-Kinase Anchoring Protein 6, which binds to protein kinase A, a signaling pathway associated with HIV latency reversal and T-cell proliferation [68,69], q = 0.20). ",Results
PMC9894159,OSBP SNPs,OSBP,SNP,None,European,Protective,Progression," Among Europeans, HIV tDNA also showed a trend with a SNP in OSBP (oxysterol-binding protein, required for the replication of viruses such as hepatitis C and Zika [70] and has been associated with HIV-1 infection of monocyte-derived macrophages from highly-exposed seronegative individuals [71], q = 0.14).",Results
PMC9894159,PLVAP/BST2 SNPs,BST2/PLVAP,SNP,None,None,Protective,Progression,"For HIV usRNA, a SNP <30 kilobases upstream of BST2 which encodes for the host restriction factor tetherin [72] demonstrated a trend with usRNA (q = 0.21; Table ​Table1);1); this SNP is intronic in PLAVP (protein regulating lymphocyte migration into lymph nodes [73]).",Results
PMC11788171,None,None,None,None,None,None,None,No human genetic factors associated with HIV found in the text.,None 
PMC10714756,HLA-B*57:01,HLA-B,HLA allele,B*57:01,Honduras,Protective,Progression,"The previously defined HLA associations were found to be B*57:01/03 , B*42:01 , A*25:01 , and C*12:03 (protective) and B*53:01 and A*68:01 (risk).",Abstract
PMC10714756,HLA-B*57:03,HLA-B,HLA allele,B*57:03,Honduras,Protective,Progression,"Being consistent with earlier studies in Afro-American and African HIV cohorts, the canonically HLA-HIV associations linked to the protective B*57:03 (which differs by two residues from Caucasian B*57:01 ) ( 7 , 9 , 17 – 19 , 59 ) and the detrimental B*53:01 (related to the B*35 risk allele group) ( 10 , 60 ) were found in this HIV cohort, being associated with the lowest and highest HIV pVL, respectively (coefficients: −2.0 and 0.66, respectively; in all cases P < 0.05; Fig. 6A ).",Results
PMC10714756,HLA-B*42:01,HLA-B,HLA allele,B*42:01,Honduras,Protective,Progression,"The previously defined HLA associations were found to be B*57:01/03 , B*42:01 , A*25:01 , and C*12:03 (protective) and B*53:01 and A*68:01 (risk).",Abstract
PMC10714756,HLA-A*25:01,HLA-A,HLA allele,A*25:01,Honduras,Protective,Progression,"The previously defined HLA associations were found to be B*57:01/03 , B*42:01 , A*25:01 , and C*12:03 (protective) and B*53:01 and A*68:01 (risk).",Abstract
PMC10714756,HLA-C*12:03,HLA-C,HLA allele,C*12:03,Honduras,Protective,Progression,"The previously defined HLA associations were found to be B*57:01/03 , B*42:01 , A*25:01 , and C*12:03 (protective) and B*53:01 and A*68:01 (risk).",Abstract
PMC10714756,HLA-B*53:01,HLA-B,HLA allele,B*53:01,Honduras,Risk,Progression,"The previously defined HLA associations were found to be B*57:01/03 , B*42:01 , A*25:01 , and C*12:03 (protective) and B*53:01 and A*68:01 (risk).",Abstract
PMC10714756,HLA-A*68:01,HLA-A,HLA allele,A*68:01,Honduras,Risk,Progression,"The previously defined HLA associations were found to be B*57:01/03 , B*42:01 , A*25:01 , and C*12:03 (protective) and B*53:01 and A*68:01 (risk).",Abstract
PMC10714756,HLA-B*35:12,HLA-B,HLA allele,B*35:12,Mesoamerican,Risk,Progression,"Consistent with our previous research in a Mesoamerican HIV cohort, Amerindian B*35:12 was associated with poor HIV control.",Abstract
PMC10714756,HLA-C*03:04,HLA-C,HLA allele,C*03:04,Honduras,Risk,Progression,"Other HLA-HIV associations not previously described were C*03:04 and B*08:01 , which were associated with higher pVL.",Abstract
PMC10714756,HLA-B*08:01,HLA-B,HLA allele,B*08:01,Honduras,Risk,Progression,"Other HLA-HIV associations not previously described were C*03:04 and B*08:01 , which were associated with higher pVL.",Abstract
PMC10714756,HLA-C*18:01,HLA-C,HLA allele,C*18:01,Honduras,Protective,Progression,"We also perceived that the previous C*18:01 protective association ( 15 , 18 , 61 , 62 ), a subtype that has been described in LD here ( Fig. 4A ) and elsewhere with both African B*57:03 and B*81:01 (also portrayed as protective) ( 7 , 13 , 18 , 62 ), was related to lower HIV pVL (coefficient: âˆ’0.91; P -value: 0.015).",Results
PMC10714756,HLA-C*08:02,HLA-C,HLA allele,C*08:02,Honduras,Protective,Progression,"Markedly, the C*08:02 subtype (in strong LD with B*14:01/02 , see Discussion) was associated in multivariable analysis with higher values of CD4 counts (coefficient: 91.8; P -value: 0.029).",Results
PMC11613800,None,None,None,None,None,None,None,No human genetic factors associated with HIV found in the text.,None 
PMC10765519,ACTRT2 rs3795263,ACTRT2,Missense SNV,rs3795263,Botswana,Unclear,Susceptibility,"This resulted in 5 most deleterious mutations within the ACTRT2, HOXD12, ABCB5, ATP8B4 and ABCC12 genes (Table 1). ... The minor allele frequencies of the HOXD12 rs200302685, ABCB5 rs111647033, ATP8B4 rs77004004 and ABCC12 rs113496237 variants in the Botswana data were generally higher when comparing to the gnomAD and the 1000 Genomes Project data. While the MAF for the ACTRT2 rs3795263 variant was lower than in the gnomAD and the 1000 Genomes Project data. This highlights that MAFs do vary per ethnicity which could affect the risk of disease differently between populations (Table 1).",Results
PMC10765519,HOXD12 rs200302685,HOXD12,Missense SNV,rs200302685,Botswana,Unclear,Susceptibility,"This resulted in 5 most deleterious mutations within the ACTRT2, HOXD12, ABCB5, ATP8B4 and ABCC12 genes (Table 1). ... The minor allele frequencies of the HOXD12 rs200302685, ABCB5 rs111647033, ATP8B4 rs77004004 and ABCC12 rs113496237 variants in the Botswana data were generally higher when comparing to the gnomAD and the 1000 Genomes Project data. While the MAF for the ACTRT2 rs3795263 variant was lower than in the gnomAD and the 1000 Genomes Project data. This highlights that MAFs do vary per ethnicity which could affect the risk of disease differently between populations (Table 1).",Results
PMC10765519,ABCB5 rs111647033,ABCB5,Missense SNV,rs111647033,Botswana,Unclear,Susceptibility,"This resulted in 5 most deleterious mutations within the ACTRT2, HOXD12, ABCB5, ATP8B4 and ABCC12 genes (Table 1). ... The minor allele frequencies of the HOXD12 rs200302685, ABCB5 rs111647033, ATP8B4 rs77004004 and ABCC12 rs113496237 variants in the Botswana data were generally higher when comparing to the gnomAD and the 1000 Genomes Project data. While the MAF for the ACTRT2 rs3795263 variant was lower than in the gnomAD and the 1000 Genomes Project data. This highlights that MAFs do vary per ethnicity which could affect the risk of disease differently between populations (Table 1).",Results
PMC10765519,ATP8B4 rs77004004,ATP8B4,Missense SNV,rs77004004,Botswana,Unclear,Susceptibility,"This resulted in 5 most deleterious mutations within the ACTRT2, HOXD12, ABCB5, ATP8B4 and ABCC12 genes (Table 1). ... The minor allele frequencies of the HOXD12 rs200302685, ABCB5 rs111647033, ATP8B4 rs77004004 and ABCC12 rs113496237 variants in the Botswana data were generally higher when comparing to the gnomAD and the 1000 Genomes Project data. While the MAF for the ACTRT2 rs3795263 variant was lower than in the gnomAD and the 1000 Genomes Project data. This highlights that MAFs do vary per ethnicity which could affect the risk of disease differently between populations (Table 1).",Results
PMC10765519,ABCC12 rs113496237,ABCC12,Missense SNV,rs113496237,Botswana,Unclear,Susceptibility,"This resulted in 5 most deleterious mutations within the ACTRT2, HOXD12, ABCB5, ATP8B4 and ABCC12 genes (Table 1). ... The minor allele frequencies of the HOXD12 rs200302685, ABCB5 rs111647033, ATP8B4 rs77004004 and ABCC12 rs113496237 variants in the Botswana data were generally higher when comparing to the gnomAD and the 1000 Genomes Project data. While the MAF for the ACTRT2 rs3795263 variant was lower than in the gnomAD and the 1000 Genomes Project data. This highlights that MAFs do vary per ethnicity which could affect the risk of disease differently between populations (Table 1).",Results
PMC10765519,CYP4A22,CYP4A22,Gene,None,Botswana,Unclear,Unclear,"Importantly, variation in the aggregated SNP frequency is observed in the CYP4A22, AKR1B10, HOXD12, OR6S1, MRPS18A, ORS1A4 and ACTRT2 genes (Figure 5B; Supplementary Table S8) between Botswana HIV-positive and -negative population, suggesting that these genes may harbour differing effects among Botswana HIV-positive and -negative population.",Results
PMC10765519,AKR1B10,AKR1B10,Gene,None,Botswana,Unclear,Unclear,"Importantly, variation in the aggregated SNP frequency is observed in the CYP4A22, AKR1B10, HOXD12, OR6S1, MRPS18A, ORS1A4 and ACTRT2 genes (Figure 5B; Supplementary Table S8) between Botswana HIV-positive and -negative population, suggesting that these genes may harbour differing effects among Botswana HIV-positive and -negative population.",Results
PMC10765519,OR6S1,OR6S1,Gene,None,Botswana,Unclear,Unclear,"Importantly, variation in the aggregated SNP frequency is observed in the CYP4A22, AKR1B10, HOXD12, OR6S1, MRPS18A, ORS1A4 and ACTRT2 genes (Figure 5B; Supplementary Table S8) between Botswana HIV-positive and -negative population, suggesting that these genes may harbour differing effects among Botswana HIV-positive and -negative population.",Results
PMC10765519,MRPS18A,MRPS18A,Gene,None,Botswana,Unclear,Unclear,"Importantly, variation in the aggregated SNP frequency is observed in the CYP4A22, AKR1B10, HOXD12, OR6S1, MRPS18A, ORS1A4 and ACTRT2 genes (Figure 5B; Supplementary Table S8) between Botswana HIV-positive and -negative population, suggesting that these genes may harbour differing effects among Botswana HIV-positive and -negative population.",Results
PMC10765519,OR51A4,OR51A4,Gene,None,Botswana,Unclear,Unclear,"We identified deleterious variants in a list of 24 genes that are all known HIV-1 specific genes (TTLL10, ACTRT2, ENO1, CYP4A22, PM20D1, HOXD12, DNAH7, PDHA2, LRBA, DCHS2, VCAN, ADGRV1, MRPS18A, ABCB5, AKR1B10, ADAM7, OR51A4, OR2D2, KRT76, OR6S1, ATP8B4, ABCC12, OR3A1, PHF20) (Supplementary Table S6).",Results
PMC10765519,TTLL10,TTLL10,Gene,None,Botswana,Unclear,Unclear,"We identified deleterious variants in a list of 24 genes that are all known HIV-1 specific genes (TTLL10, ACTRT2, ENO1, CYP4A22, PM20D1, HOXD12, DNAH7, PDHA2, LRBA, DCHS2, VCAN, ADGRV1, MRPS18A, ABCB5, AKR1B10, ADAM7, OR51A4, OR2D2, KRT76, OR6S1, ATP8B4, ABCC12, OR3A1, PHF20) (Supplementary Table S6).",Results
PMC10765519,ENO1,ENO1,Gene,None,Botswana,Unclear,Unclear,"We identified deleterious variants in a list of 24 genes that are all known HIV-1 specific genes (TTLL10, ACTRT2, ENO1, CYP4A22, PM20D1, HOXD12, DNAH7, PDHA2, LRBA, DCHS2, VCAN, ADGRV1, MRPS18A, ABCB5, AKR1B10, ADAM7, OR51A4, OR2D2, KRT76, OR6S1, ATP8B4, ABCC12, OR3A1, PHF20) (Supplementary Table S6).",Results
PMC10765519,PM20D1,PM20D1,Gene,None,Botswana,Unclear,Unclear,"We identified deleterious variants in a list of 24 genes that are all known HIV-1 specific genes (TTLL10, ACTRT2, ENO1, CYP4A22, PM20D1, HOXD12, DNAH7, PDHA2, LRBA, DCHS2, VCAN, ADGRV1, MRPS18A, ABCB5, AKR1B10, ADAM7, OR51A4, OR2D2, KRT76, OR6S1, ATP8B4, ABCC12, OR3A1, PHF20) (Supplementary Table S6).",Results
PMC10765519,DNAH7,DNAH7,Gene,None,Botswana,Unclear,Unclear,"We identified deleterious variants in a list of 24 genes that are all known HIV-1 specific genes (TTLL10, ACTRT2, ENO1, CYP4A22, PM20D1, HOXD12, DNAH7, PDHA2, LRBA, DCHS2, VCAN, ADGRV1, MRPS18A, ABCB5, AKR1B10, ADAM7, OR51A4, OR2D2, KRT76, OR6S1, ATP8B4, ABCC12, OR3A1, PHF20) (Supplementary Table S6).",Results
PMC10765519,PDHA2,PDHA2,Gene,None,Botswana,Unclear,Unclear,"We identified deleterious variants in a list of 24 genes that are all known HIV-1 specific genes (TTLL10, ACTRT2, ENO1, CYP4A22, PM20D1, HOXD12, DNAH7, PDHA2, LRBA, DCHS2, VCAN, ADGRV1, MRPS18A, ABCB5, AKR1B10, ADAM7, OR51A4, OR2D2, KRT76, OR6S1, ATP8B4, ABCC12, OR3A1, PHF20) (Supplementary Table S6).",Results
PMC10765519,LRBA,LRBA,Gene,None,Botswana,Unclear,Unclear,"We identified deleterious variants in a list of 24 genes that are all known HIV-1 specific genes (TTLL10, ACTRT2, ENO1, CYP4A22, PM20D1, HOXD12, DNAH7, PDHA2, LRBA, DCHS2, VCAN, ADGRV1, MRPS18A, ABCB5, AKR1B10, ADAM7, OR51A4, OR2D2, KRT76, OR6S1, ATP8B4, ABCC12, OR3A1, PHF20) (Supplementary Table S6).",Results
PMC10765519,DCHS2,DCHS2,Gene,None,Botswana,Unclear,Unclear,"We identified deleterious variants in a list of 24 genes that are all known HIV-1 specific genes (TTLL10, ACTRT2, ENO1, CYP4A22, PM20D1, HOXD12, DNAH7, PDHA2, LRBA, DCHS2, VCAN, ADGRV1, MRPS18A, ABCB5, AKR1B10, ADAM7, OR51A4, OR2D2, KRT76, OR6S1, ATP8B4, ABCC12, OR3A1, PHF20) (Supplementary Table S6).",Results
PMC10765519,VCAN,VCAN,Gene,None,Botswana,Unclear,Unclear,"We identified deleterious variants in a list of 24 genes that are all known HIV-1 specific genes (TTLL10, ACTRT2, ENO1, CYP4A22, PM20D1, HOXD12, DNAH7, PDHA2, LRBA, DCHS2, VCAN, ADGRV1, MRPS18A, ABCB5, AKR1B10, ADAM7, OR51A4, OR2D2, KRT76, OR6S1, ATP8B4, ABCC12, OR3A1, PHF20) (Supplementary Table S6).",Results
PMC10765519,ADGRV1,ADGRV1,Gene,None,Botswana,Unclear,Unclear,"We identified deleterious variants in a list of 24 genes that are all known HIV-1 specific genes (TTLL10, ACTRT2, ENO1, CYP4A22, PM20D1, HOXD12, DNAH7, PDHA2, LRBA, DCHS2, VCAN, ADGRV1, MRPS18A, ABCB5, AKR1B10, ADAM7, OR51A4, OR2D2, KRT76, OR6S1, ATP8B4, ABCC12, OR3A1, PHF20) (Supplementary Table S6).",Results
PMC10765519,ABCB5,ABCB5,Gene,None,Botswana,Unclear,Unclear,"We identified deleterious variants in a list of 24 genes that are all known HIV-1 specific genes (TTLL10, ACTRT2, ENO1, CYP4A22, PM20D1, HOXD12, DNAH7, PDHA2, LRBA, DCHS2, VCAN, ADGRV1, MRPS18A, ABCB5, AKR1B10, ADAM7, OR51A4, OR2D2, KRT76, OR6S1, ATP8B4, ABCC12, OR3A1, PHF20) (Supplementary Table S6).",Results
PMC10765519,ADAM7,ADAM7,Gene,None,Botswana,Unclear,Unclear,"We identified deleterious variants in a list of 24 genes that are all known HIV-1 specific genes (TTLL10, ACTRT2, ENO1, CYP4A22, PM20D1, HOXD12, DNAH7, PDHA2, LRBA, DCHS2, VCAN, ADGRV1, MRPS18A, ABCB5, AKR1B10, ADAM7, OR51A4, OR2D2, KRT76, OR6S1, ATP8B4, ABCC12, OR3A1, PHF20) (Supplementary Table S6).",Results
PMC10765519,OR2D2,OR2D2,Gene,None,Botswana,Unclear,Unclear,"We identified deleterious variants in a list of 24 genes that are all known HIV-1 specific genes (TTLL10, ACTRT2, ENO1, CYP4A22, PM20D1, HOXD12, DNAH7, PDHA2, LRBA, DCHS2, VCAN, ADGRV1, MRPS18A, ABCB5, AKR1B10, ADAM7, OR51A4, OR2D2, KRT76, OR6S1, ATP8B4, ABCC12, OR3A1, PHF20) (Supplementary Table S6).",Results
PMC10765519,KRT76,KRT76,Gene,None,Botswana,Unclear,Unclear,"We identified deleterious variants in a list of 24 genes that are all known HIV-1 specific genes (TTLL10, ACTRT2, ENO1, CYP4A22, PM20D1, HOXD12, DNAH7, PDHA2, LRBA, DCHS2, VCAN, ADGRV1, MRPS18A, ABCB5, AKR1B10, ADAM7, OR51A4, OR2D2, KRT76, OR6S1, ATP8B4, ABCC12, OR3A1, PHF20) (Supplementary Table S6).",Results
PMC10765519,OR3A1,OR3A1,Gene,None,Botswana,Unclear,Unclear,"We identified deleterious variants in a list of 24 genes that are all known HIV-1 specific genes (TTLL10, ACTRT2, ENO1, CYP4A22, PM20D1, HOXD12, DNAH7, PDHA2, LRBA, DCHS2, VCAN, ADGRV1, MRPS18A, ABCB5, AKR1B10, ADAM7, OR51A4, OR2D2, KRT76, OR6S1, ATP8B4, ABCC12, OR3A1, PHF20) (Supplementary Table S6).",Results
PMC10765519,PHF20,PHF20,Gene,None,Botswana,Unclear,Unclear,"We identified deleterious variants in a list of 24 genes that are all known HIV-1 specific genes (TTLL10, ACTRT2, ENO1, CYP4A22, PM20D1, HOXD12, DNAH7, PDHA2, LRBA, DCHS2, VCAN, ADGRV1, MRPS18A, ABCB5, AKR1B10, ADAM7, OR51A4, OR2D2, KRT76, OR6S1, ATP8B4, ABCC12, OR3A1, PHF20) (Supplementary Table S6).",Results
PMC11608392,HLA-B*57,HLA-B,HLA allele,B*57,None,Protective,Progression,"The study identified the presence of single-nucleotide polymorphisms (SNPs) in this region as associated with slower disease progression and overall HIV control, particularly the HLA type B*57, a subtype of the HLA-Bw4-I80 [ 72 , 73 ].",Results
PMC11608392,KIR3DS1,KIR3DS1,Gene,None,None,Protective,Progression,"Previous studies on spontaneous controllers carrying the HLA-Bw4-I80 allele, describe the presence of NK cells expressing the activating receptor KIR3DS1 (Fig. 2 a) [ 74 – 77 ]. A combination of these specific MHC alleles and the activating KIR seems to be advantageous for HIV control since NK cells expressing the KIR3DS1 have a superior ability to eliminate HIV-infected CD4 + T-cells [ 75 ].",Results
PMC11396324,None,None,None,None,None,None,None,No human genetic factors associated with HIV found in the text.,None 
PMC10977907,HLA-A*23,HLA-A,HLA allele,A*23,sub-Saharan African ,Protective,Progression,"Among 72 sub-Saharan African adults, HLA-A*23 was associated with lower odds of ARS (adjusted odds ratio, 0.10 [95% confidence interval, .01-“.48]; P = .009), which warrants further studies to explore its role on HIV-1-“specific immunopathogenesis.",Abstract
PMC11856878,None,None,None,None,None,None,None,No human genetic factors associated with HIV found in the text.,None 
PMC11435826,None,None,None,None,None,None,None,No human genetic factors associated with HIV found in the text.,None 
PMC10617395,CHD1L rs59784663 G,CHD1L,SNP alleles,CHD1L rs59784663 G,African ancestry,Protective,Progression,"A recent genome-wide association study (GWAS) of HIV VL in individuals of African ancestry identified a locus on chromosome 1, near the protein-coding gene CHD1L, that has a novel association with control of HIV replication... The top associated variant in this region, rs59784663 (G), is associated with a ~0.3 log₁₀ copies/mL reduction in VL and is only present at high frequency in individuals of African ancestry. Additional analyses… found that two SNPs, rs73004025 and rs7519713, in high linkage disequilibrium with the top variant, had a larger combined impact on VL… We also observed significant associations with rs77029719 (G).",Abstract and Introduction
PMC10617395,CHD1L rs73004025 T,CHD1L,SNP alleles,CHD1L rs73004025 T,African ancestry,Protective,Progression,"A recent genome-wide association study (GWAS) of HIV VL in individuals of African ancestry identified a locus on chromosome 1, near the protein-coding gene CHD1L, that has a novel association with control of HIV replication... The top associated variant in this region, rs59784663 (G), is associated with a ~0.3 log₁₀ copies/mL reduction in VL and is only present at high frequency in individuals of African ancestry. Additional analyses… found that two SNPs, rs73004025 and rs7519713, in high linkage disequilibrium with the top variant, had a larger combined impact on VL… We also observed significant associations with rs77029719 (G).",Abstract and Introduction
PMC10617395,CHD1L rs77029719 G,CHD1L,SNP alleles,CHD1L rs77029719 G,African ancestry,Protective,Progression,"A recent genome-wide association study (GWAS) of HIV VL in individuals of African ancestry identified a locus on chromosome 1, near the protein-coding gene CHD1L, that has a novel association with control of HIV replication... The top associated variant in this region, rs59784663 (G), is associated with a ~0.3 log₁₀ copies/mL reduction in VL and is only present at high frequency in individuals of African ancestry. Additional analyses… found that two SNPs, rs73004025 and rs7519713, in high linkage disequilibrium with the top variant, had a larger combined impact on VL… We also observed significant associations with rs77029719 (G).",Abstract and Introduction
PMC10617395,CHD1L rs7519713 T,CHD1L,SNP alleles,CHD1L rs7519713 T,African ancestry,Protective,Progression,"A recent genome-wide association study (GWAS) of HIV VL in individuals of African ancestry identified a locus on chromosome 1, near the protein-coding gene CHD1L, that has a novel association with control of HIV replication... The top associated variant in this region, rs59784663 (G), is associated with a ~0.3 log₁₀ copies/mL reduction in VL and is only present at high frequency in individuals of African ancestry. Additional analyses… found that two SNPs, rs73004025 and rs7519713, in high linkage disequilibrium with the top variant, had a larger combined impact on VL… We also observed significant associations with rs77029719 (G).",Abstract and Introduction
PMC10617395,HLA-B*81,HLA-B,HLA allele,B*81,South African,Protective,Progression,"Importantly, HLAB*51 was protective against HIV disease progression prior to 1997 in Japanese populations where the allele frequency is high, but is no longer protective due to the accumulation of I135x within the population (13). In the HIPSS cohort, HLAB*81 and HLAC*18 were found to be significantly associated with variants in RT codon 4... HLAB*81 has also been shown to restrict HIV p24 gag , and HIV responds with a T186S mutation in the restricted epitope ( 18 , 22 , 57 ). T186S reduces the replicative capacity of HIV ( 18 , 57 ), which is similar to the trend in RT codon 4, where in the absence of HLAB*81 , the mean log 10 VL is lower in individuals with P4T/S ( Fig. 3B and Fig. S1E ).",Introduction 
PMC10617395,HLA-B*51,HLA-B,HLA allele,HLA-B*51,Japanese,Protective,Progression,"Importantly, HLAB*51 was protective against HIV disease progression prior to 1997 in Japanese populations where the allele frequency is high, but is no longer protective due to the accumulation of I135x within the population (13). In the HIPSS cohort, HLAB*81 and HLAC*18 were found to be significantly associated with variants in RT codon 4... HLAB*81 has also been shown to restrict HIV p24 gag , and HIV responds with a T186S mutation in the restricted epitope ( 18 , 22 , 57 ). T186S reduces the replicative capacity of HIV ( 18 , 57 ), which is similar to the trend in RT codon 4, where in the absence of HLAB*81 , the mean log 10 VL is lower in individuals with P4T/S ( Fig. 3B and Fig. S1E ).",Introduction 
PMC10617395,HLA-C*18,HLA-C,HLA allele,C*18,South African,Unclear,Progression,"Significant associations were also seen between class I two-digit resolution HLA alleles and AA variants in RT. In the HIPSS cohort, HLAB*81 and HLAC*18 were found to be significantly associated with variants in RT codon 4 and HLAB*58 with RT codon 196.",Discussion
PMC10617395,HLA-B*58,HLA-B,HLA allele,B*58,South African,Protective,Progression,"HLAB*81 and HLAB*58 have been previously implicated with reduced viral loads, higher CD4 + T-cell counts, and mutations in HIV; however, this has primarily been investigated in the gag and nef genes ( 18 , 22 , 52 – 54 ). ",Discussion
PMC10617395,HLA-B*57:03,HLA-B,HLA allele,B*57:03,None,Protective,Progression,"Another example is HLAB*57:03, which is known to reduce VL and drives the T242N mutation in the gag TW10 epitope in ~80% of HLAB*57:03 carriers (17, 18, 20 – 22). In contrast to HLAB*51, the T242N mutation has a viral fitness cost, and individuals carrying the protective allele exhibit slow disease progression (13, 17).",Introduction 
PMC10393222,HLA-B,HLA-B,Gene,None,None,Protective,Progression,"In both the full sample (Figure 1A and Supplemental Figure 2A) and in the analysis of males only, we observed 2 loci strongly associated with spVL and HIV control on chr3p21.31 and chr6p21.33 corresponding to the known genetic effects on viral load conferred by CCR5 and the major histocompatibility complex, class I, B (HLA-B) genes, respectively. In the analysis of females only, we again observed a strong signal of association in the HLA region on chr6p21.33 but the chr3p21.31 region did not surpass statistical significance in this study (P < 8.3 × 10–9; Figure 1B and Supplemental Figure 2B).",Results
PMC10393222,HLA-B rs111301312,HLA-B,SNPs,rs111301312,None,Protective,Progression,"The top spVL-associated SNP in the HLA region in the full sample, and in the analysis of females only, was rs111301312, where the T allele conferred a 0.82–0.87 reduction in log 10 (HIV RNA copies/mL of plasma) depending on the analyzed group ( P full sample = 2.14 × 10 –128 , P males = 6.47 × 10 –107 , P females = 6.88 × 10 –25 ). In the male-only analysis, the top-associated chromosome 6 variant was rs112515516 ( P males = 9.36 × 10 –128 ), which is in strong linkage disequilibrium (LD) with rs111301312 ( r 2 = 0.99).",Results
PMC10393222,HLA-B rs112515516,HLA-B,SNPs,rs112515516,None,Protective,Progression,"The top spVL-associated SNP in the HLA region in the full sample, and in the analysis of females only, was rs111301312, where the T allele conferred a 0.82–0.87 reduction in log 10 (HIV RNA copies/mL of plasma) depending on the analyzed group ( P full sample = 2.14 × 10 –128 , P males = 6.47 × 10 –107 , P females = 6.88 × 10 –25 ). In the male-only analysis, the top-associated chromosome 6 variant was rs112515516 ( P males = 9.36 × 10 –128 ), which is in strong linkage disequilibrium (LD) with rs111301312 ( r 2 = 0.99).",Results
PMC10393222,CCR5 rs6441975,CCR5,SNPs,rs6441975,None,Protective,Progression,"The top-associated variants identified at the chromosome 3 locus in the full sample (rs6441975, P full sample = 6.87 × 10 –22 ) and in males only (rs7637813, P males = 8.87 × 10 –22 ) are also in strong LD with each other ( r 2 = 0.91) and flank the CCR5 gene, known to influence both HIV susceptibility and disease progression. ",Results
PMC10393222,CCR5 rs7637813,CCR5,SNPs,rs7637813,None,Protective,Progression,"The top-associated variants identified at the chromosome 3 locus in the full sample (rs6441975, P full sample = 6.87 × 10 –22 ) and in males only (rs7637813, P males = 8.87 × 10 –22 ) are also in strong LD with each other ( r 2 = 0.91) and flank the CCR5 gene, known to influence both HIV susceptibility and disease progression. ",Results
PMC10393222,CCR5Δ32 rs113341849,CCR5,Deletion,rs113341849,None,Protective,Progression,"We have previously shown that the CCR5 locus harbors at least 2 independent genetic variants ( 18 ), including the CCR5delta32 deletion and rs1015164, the latter of which is an expression quantitative trait locus (eQTL) influencing expression of a CCR5 antisense (CCR5-AS) long noncoding RNA that regulates CCR5 expression ( 23 ).",Results
PMC10393222,CCR5-AS rs1015164,CCR5-AS,SNP,rs1015164,None,Protective,Progression,"We have previously shown that the CCR5 locus harbors at least 2 independent genetic variants ( 18 ), including the CCR5delta32 deletion and rs1015164, the latter of which is an expression quantitative trait locus (eQTL) influencing expression of a CCR5 antisense (CCR5-AS) long noncoding RNA that regulates CCR5 expression ( 23 ).",Results
PMC10393222,MICA,MICA,Gene variants,None,None,Protective,Progression,"The top gene associated in females was HLA-B ( P females = 8.5 × 10 –8 ), with MHC class I polypeptide–related sequence A ( MICA ) and MICB also showing significant associations ( Supplemental Table 3 ). ",Results
PMC10393222,MICB,MICB,Gene variants,None,None,Protective,Progression,"The top gene associated in females was HLA-B ( P females = 8.5 × 10 –8 ), with MHC class I polypeptide–related sequence A ( MICA ) and MICB also showing significant associations ( Supplemental Table 3 ). ",Results
PMC10393222,PUM1 rs10914268 T,PUM1,SNP,rs10914268 T,None,Mixed,Progression,"Allele T of rs10914268 (G>T, P = 1.93 × 10 –8 ) has a suggestive association with a positive effect on spVL in females but has no significant effect in males (β females : 0.25, SEM females = 0.047, P females = 2.39 × 10 –7 ; β males : –0.029, SEM males = 0.018, P males = 0.106; Supplemental Table 6 ). ",Results
PMC10393222,PSORS1C2 rs1265159 A,PSORS1C2,SNP,rs1265159 A,None,Mixed,Progression,"Allele A of the top SNP, rs1265159 (G>A, P = 3.26 × 10 –8 ) has a suggestive association with a positive effect on spVL in females, but it has a significant association and negative effect in males (β females : 0.127, SEM females = 0.05, P females = 0.0052; β males : -0.144, SEM males = 0.022, P males = 8.10 × 10 –11 ; Supplemental Table 6 ). ",Results
PMC10393222,SUB1 rs687659 A,SUB1,SNP,rs687659 A,None,Mixed,Resistance,"The top variant is rs687659 (T>A, P = 1.02 × 10 –8 ) conferring an independent signal with 20 SNPs in LD with the top variant. This marker is suggestively associated in females, with the A allele having a positive effect on HIV control in this group (OR females = 1.20, P females = 1.2 × 10 –5 ) and a negative effect in males (OR males = 0.98, P males = 0.016), as shown in Figure 4 and Supplemental Table 7 . ",Results
PMC10393222,IER5L rs4387067 T,AL158151.3/PTPA/IER5L,SNP,rs4387067,None,Mixed,Resistance,"The top variant rs4387067 (C>T, P = 2.07 × 10 –9 ) conferred an independent signal in this region with 16 SNPs in LD with the top variant. This marker is suggestively associated in females and allele T has positive effect on HIV control in females and a negative effect in males.",Results
PMC10393222,PET100,PET100,Gene variants,None,None,Unclear,Progression,"We observed 112 genes that were associated with spVL in the full sample, 97 of which were significantly associated in the male-only analysis ( Supplemental Table 3 ), with the majority (94 genes) located in known associated regions and 3 genes uniquely associated in males on chr19p13.2 corresponding to PET100 cytochrome c oxidase chaperone ( PET100 , P males = 8.36 × 10 –7 ), Purkinje cell protein 2 ( PCP2 , P males = 8.8 × 10 –7 ), and XPA binding protein 2 ( XAB2, P males = 1.32 × 10 –6 ).",Results
PMC10393222,PCP2,PCP2,Gene variants,None,None,Unclear,Progression,"We observed 112 genes that were associated with spVL in the full sample, 97 of which were significantly associated in the male-only analysis ( Supplemental Table 3 ), with the majority (94 genes) located in known associated regions and 3 genes uniquely associated in males on chr19p13.2 corresponding to PET100 cytochrome c oxidase chaperone ( PET100 , P males = 8.36 × 10 –7 ), Purkinje cell protein 2 ( PCP2 , P males = 8.8 × 10 –7 ), and XPA binding protein 2 ( XAB2, P males = 1.32 × 10 –6 ).",Results
PMC10393222,XAB2,XAB2,Gene variants,None,None,Unclear,Progression,"We observed 112 genes that were associated with spVL in the full sample, 97 of which were significantly associated in the male-only analysis ( Supplemental Table 3 ), with the majority (94 genes) located in known associated regions and 3 genes uniquely associated in males on chr19p13.2 corresponding to PET100 cytochrome c oxidase chaperone ( PET100 , P males = 8.36 × 10 –7 ), Purkinje cell protein 2 ( PCP2 , P males = 8.8 × 10 –7 ), and XPA binding protein 2 ( XAB2, P males = 1.32 × 10 –6 ).",Results
PMC10393222,STXBP2,STXBP2,Gene variants,None,None,Unclear,Progression,"In the same region, we observed a suggestive association with the gene syntaxin binding protein 2 ( STXBP2, P males = 1.65 × 10 –4 , Figure 2 and Supplemental Table 3 .",Results
PMC11730875,None,None,None,None,None,None,None,No human genetic factors found in the text. Only HIV viral factors are mentioned.,None 
PMC11019575,None,None,None,None,None,None,None,No human genetic factors associated with HIV found in the text.,None 
PMC11361978,None,None,None,None,None,None,None,No human genetic factors associated with HIV found in the text.,None 
PMC9531132,None,None,None,None,None,None,None,No human  HIV genetic factors found in the text. The genetic associations are related to risk of tuberculosis (TB) or immune reconstitution inflammatory syndrome (IRIS) in people already living with HIV. ,None 
PMC11064911,CCR5Δ32 homozygous ,CCR5,Deletion,Δ32,None,Protective,Resistance,"CCR5Δ32 homozygosity in infants confers protection from vertical transmission [8,9]. CCR5Δ32 heterozygosity, however, is associated with reduced risk of vertical HIV-1-infection in some studies [8,10] but not in others [11]",Introduction
PMC11793794,None,None,None,None,None,None,None,No human genetic factors associated with HIV found in the text.,None 
PMC10684209,ISG15,ISG15,Gene,None,China,Mixed,Susceptibility,"ISG15 is likely to play a significant role in the immune response to HIV infection through its effects on viral replication and viral susceptibility.[24] For instance, ISG15 deficiency has been linked to increased resistance to HIV-1 infection in interferon type I (IFN-I)-primed fibroblasts compared to healthy control fibroblasts,[25] suggesting that ISG15 may contribute to viral susceptibility in specific cell types. Furthermore, it has been observed that secreted ISG15 enhances IFN-I production as well as HIV-1-specific CD8+ T-cell immune responses.",Discussion
PMC10684209,IFITM3,IFITM3,Gene,None,China,Protective,Resistance,"IFITM3, an interferon-inducible transmembrane protein, has been found to exert an inhibitory effect against HIV and simian immunodeficiency virus infection during the host cell entry phase.[27] This cytokine reduces HIV-1 infectivity through a mechanism that is not fully understood.[28] Furthermore, IFITM proteins, and in particular IFITM3, can bind with HIV-1 viruses and inhibit their fusion and cell-to-cell transmission.[29] These observations indicate that IFITM3 plays a critical role in controlling HIV infection. ",Discussion
PMC10684209,PLSCR1,PLSCR1,Gene,None,China,Protective,Progression,Studies have demonstrated that PLSCR1 directly interacts with the HIV-1 tat protein and acts as a negative regulator during HIV-1 infection by inhibiting the transcriptional activation of the HIV-1 long terminal repeat by tat.[30] ,Discussion
PMC10684209,HLA-DQB1*06,HLA-DQB1,HLA allele,DQB1*06,China,Protective,Progression,"LA-DQB106, a variant allele of the HLA-DQB1 gene, has been found to play a protective role against HIV-1 disease progression and the targeting of T cells by specific Nef epitopes, thereby contributing to the suppression of HIV-1 replication.[31] Individuals with the strongest HIV-specific CD4+ T-cell responses commonly carry HLA class II gene-specific alleles, such as HLA-DRB113 and/or HLA-DQB106, which have previously been associated with non-progressive HIV infection phenotypes.",Discussion
PMC10684209,CCL3L1,CCL3L1,Copy number variation,CNV,China,Mixed,Susceptibility,"Copy number variation in CCL3L1 has been identified as a significant indicator of susceptibility or immunity to HIV-1 infection and its consequences.[33] This variation may influence susceptibility to HIV through a gene-dose effect.[34] Indeed, CCL3L1 copy number is considered an important determinant of HIV seropositivity.[35] These findings suggest that copy number variation in CCL3L1 may serve as a predictive factor for the risk of HIV infection and disease progression.",Discussion
PMC10684209,DDX5,DDX5,Gene,None,China,Risk,Progression,"The knockdown of DDX5 has been found to significantly reduce HIV RNA levels and viral production compared with that in control cells, with a two- to three-fold reduction as measured by p24 (CA) and infectivity.[36] This suggests that DDX5 enhances HIV-1 replication by affecting Rev function and the Rev Response Element (RRE) pathway.",Discussion
PMC10962537,None,None,None,None,None,None,None,No human genetic factors associated with HIV found in the text.,None 
PMC10003039,CCR5Δ32 homozygous,CCR5,Deletion,Δ32,Brazil,Protective,Susceptibility,"The homozygous CCR5Δ32 mutation reduces the risk of HIV-1 acquisition, while the effect of the heterozygous mutation appears to be null [37,38] or promotes a slower progression to AIDS [39].",Introduction
PMC10003039,CCR5Δ32 heterozygous,CCR5,Deletion,Δ32,Brazil,Unclear,Progression,"The homozygous CCR5Δ32 mutation reduces the risk of HIV-1 acquisition, while the effect of the heterozygous mutation appears to be null [37,38] or promotes a slower progression to AIDS [39].",Introduction
PMC10003039, SDF1-3′A rs1801157,CXCL12,SNP allele,rs1801157 (A),Brazil,Mixed,Progression," Chemokine CXCL12, also known as stroma-derived factor-1 (SDF1), is the ligand of chemokine receptor CXCR4 [40]. The change from guanine (G) to adenine (A) at position 801 (3′ untranslated region, 3′ UTR) counting from the ATG start position is a gene variant designated SDF1-3-prime UTR-801G-A (abbreviated SDF1-3′A) or rs1801157 [41]. The A allele is associated with increased levels of SDF1 mRNA and enhanced mRNA stability, which has a half-life twice as long as the 3′G variant [42]. The A allele results in an increased SDF1 concentration and is associated with protection against HIV-1 infection, especially against syncytium-inducing (SI) variants of HIV-1 at the CXCR4 receptor level [41,43].",Introduction
PMC10003039,HLA-B*57,HLA-B,HLA allele,B*57,None,Protective,Progression,"Some variants of human leukocyte antigens (HLAs) are associated with a low viral load and slow progression to AIDS (HLA-B*57 and HLA-B*27), while the HLA-B*35 variant is associated with rapid progression [22,23,24,25,26,27].",Introduction 
PMC10003039,HLA-B*27,HLA-B,HLA allele,B*27,None,Protective,Progression,"Some variants of human leukocyte antigens (HLAs) are associated with a low viral load and slow progression to AIDS (HLA-B*57 and HLA-B*27), while the HLA-B*35 variant is associated with rapid progression [22,23,24,25,26,27].",Introduction 
PMC10003039,HLA-B*35,HLA-B,HLA allele,B*35,None,Risk,Progression,"Some variants of human leukocyte antigens (HLAs) are associated with a low viral load and slow progression to AIDS (HLA-B*57 and HLA-B*27), while the HLA-B*35 variant is associated with rapid progression [22,23,24,25,26,27].",Introduction 
PMC11337606,HLA I,HLA class I,HLA polymorphism,None,None,Protective,Progression,These immune responses strongly correlate with class I human leukocyte antigen (HLA) polymorphisms on the peptide binding groove which have been associated with the spontaneous control of HIV-1 viral load in elite-controllers.,None 
PMC11877617,None,None,None,None,None,None,None,No human genetic factors found in the text. Only protein/gene expression and functional references were discussed.,None 
PMC11209583,None,None,None,None,None,None,None,No human genetic factors found in the text. Only HIV viral genetic factors were discussed.,None 
PMC11707138,CCR5Δ32 homozygous,CCR5,Deletion,Δ32,None,Protective,Resistance,"The long-term remission of HIV achieved in the “Berlin”, “London”, and “Düsseldorf” patients following allogeneic, CCR5Δ32/Δ32 hematopoietic stem cell transplant (HSCT) demonstrates that an HIV cure is possible8–10. These studies and others suggest that the critical element of an HIV cure is the transplant with CCR5Δ32/Δ32 HSPCs and the resultant hematopoietic reconstitution of an immune system dominated by HIV-resistant CD4+ T cells",Introduction
PMC11456729,None,None,None,None,None,None,None,No human genetic factors associated with HIV found in the text.,None 
PMC11601940,None,None,None,None,None,None,None,No human genetic factors associated with HIV found in the text.,None 
PMC10589889,CCR5Δ32,CCR5,Deletion,Δ32,None,Protective,Resistance,"These HIV-1-exposed seronegative (HESN) individuals might reflect acquired or natural protection against the virus. It is well-known that some HESN individuals have an inherited genetic mutation, specifically a 32-bp deletion (Δ32) of the CCR5 co-receptor for HIV-1.20,21",Introduction
PMC10589889,HLA-B*51:01,HLA-B,HLA allele,B*51:01,Japanese,Protective,Susceptibility,"HLA-B*51:01-restricted Pol TI8 specific CD8+ T cells established from the two individuals recognized the peptides dose-dependently, and even at a concentration of 10 nM (Figure 3B), suggesting they had a relatively strong recognition of the epitope peptides. Interestingly, HLA-B*51:01-restricted Pol TI8 and HLA-A*02:06-restricted Pol SV9 were reported to be protective HIV-1 epitopes in HIV-1-infected Japanese individuals.45,46,47 Thus, only protective HIV-1 epitope-specific CD8+ T cells were elicited in HESN-MSM Japanese individuals.",Results
PMC10589889,HLA-A*02:06,HLA-A,HLA allele,A*02:06,Japanese,Protective,Susceptibility,"HLA-B*51:01-restricted Pol TI8 specific CD8+ T cells established from the two individuals recognized the peptides dose-dependently, and even at a concentration of 10 nM (Figure 3B), suggesting they had a relatively strong recognition of the epitope peptides. Interestingly, HLA-B*51:01-restricted Pol TI8 and HLA-A*02:06-restricted Pol SV9 were reported to be protective HIV-1 epitopes in HIV-1-infected Japanese individuals.45,46,47 Thus, only protective HIV-1 epitope-specific CD8+ T cells were elicited in HESN-MSM Japanese individuals.",Results
PMC11599105,None,None,None,None,None,None,None,No human genetic factors associated with HIV found in the text.,None 
PMC11192919,HLA,HLA,HLA alleles,None,None,Protective,Progression,"Host genetics and immune response factors, such as specific HLA alleles and sequences polymorphisms in the IL28B or CXCR6 genes, have been reported to play roles in the effective control of HIV-1 replication and disease progression.",Introduction
PMC11192919,IL28B,IL28B,Gene polymorphism,None,None,Protective,Progression,"Host genetics and immune response factors, such as specific HLA alleles and sequences polymorphisms in the IL28B or CXCR6 genes, have been reported to play roles in the effective control of HIV-1 replication and disease progression.",Introduction
PMC11192919,CXCR6,CXCR6,Gene polymorphism,None,None,Protective,Progression,"Host genetics and immune response factors, such as specific HLA alleles and sequences polymorphisms in the IL28B or CXCR6 genes, have been reported to play roles in the effective control of HIV-1 replication and disease progression.",Introduction
PMC10120306,HLA-B*81:01,HLA-B,HLA allele,B*81:01,African,Protective,Progression,"HLA-B*81:01 and HLA-B*42:01 are two popular alleles in the African population, differ by 5 residues, of which 3 are located in the peptide-binding groove and may contribute to the interaction (Fig. 4A). A stronger CD8+ T immune response therefore produces greater selection pressure for HIV-1 in the B*81:01 population. ",Introduction and Discussion
PMC10120306,HLA-B*42:01,HLA-B,HLA allele,B*42:01,African ,Mixed,Progression,"HLA-B*81:01 and HLA-B*42:01 are two popular alleles in the African population, differ by 5 residues, of which 3 are located in the peptide-binding groove and may contribute to the interaction (Fig. 4A). In this study, we found in the context of HLA B*42:01, the mutations in the TL9 epitope focus on position 3, and the most preferred mutation was 3t-TL9 (Fig. S7). A molecular arm race between protective T cell response and HIV-1 mutation is suggested by these studies, the influence of host acquired immunity in genomic evolution of the HIV, therefore, might be underestimated.",Introduction and Discussion
PMC11476370,None,None,None,None,None,None,None,No human genetic factors associated with HIV found in the text.,None 
PMC10253649,TREX1 531 C/T,TREX1,SNP  polymorphism,531 C/T,Brazil,Protective,Progression,"Genotype analysis for the TREX1 531C/T polymorphism among individuals with HIV-1 showed that carriers of the TT polymorphic genotype had higher levels of CD4+ T lymphocytes and IFN-α. Since the increased TREX-1 activity may impair IFN-α activation, the reduced exonuclease activity allows for more intense IFN-α production [12]. Furthermore, considering the importance of IFN-α in innate immunity as responsible for inducing an antiviral state and for contributing to the activation of the adaptive immune response [27], the results of the present study suggest that the TREX1 531C/T polymorphism may influence TREX-1 activity; the homozygous polymorphic genotype seems to contribute to better maintenance of the immune status, even if for a limited period of time.",Discussion
PMC9067526,IFNL4 rs368234815 T ,IFNL4,SNP allele,rs368234815 T allele ,European ancestry ,Protective,Susceptibility,"The frequency of INFL4 T allele carriers was significantly different between the HIV-1 seroconverters vs. HIV-1 negatives (91.7% vs 84.8%, p = 0.007; Odds Ratio (OR) = 0.50, 95% confidence interval (95%CI) = 0.30–0.84)",Discussion
PMC9067526,IFNL4 rs368234815 TT/TT+TT/GT ,IFNL4,SNP genotype,rs368234815 TT/TT+TT/GT ,European ancestry ,Protective,Susceptibility,"The result yielded significant results with a dominant model for the protective TT allele (absence of IFNL4 protein) including the genotypes TT/TT+TT/GT vs.G/G (OR = 0.4 [95% CI, 0.3–0.6]; P = 1.3E–5; heterogeneity test P = 0.9",Discussion
PMC11844840,None,None,None,None,None,None,None,No human genetic factors associated with HIV found in the text.,None 
PMC11650126,None,None,None,None,None,None,None,No human genetic factors associated with HIV found in the text.,None 
PMC9162874,HLA-B*39,HLA-B,HLA allele,B*39,Argentinian,Risk,Susceptibility,"In the Argentinian population, the frequency of the HLA-B*39 allele was significantly higher in HIV-1-positive subjects than in controls, whereas the HLA-B*44 allele was absent among the HIV-1-positive subjects [71]. ",Results
PMC9162874,HLA-B*44,HLA-B,HLA allele,B*44,Argentinian,Protective,Susceptibility,"In the Argentinian population, the frequency of the HLA-B*39 allele was significantly higher in HIV-1-positive subjects than in controls, whereas the HLA-B*44 allele was absent among the HIV-1-positive subjects [71]. ",Results
PMC9162874,HLA-B*14:01,HLA-B,HLA allele,B*14:01,Zambian,Protective,Progression,"Claiborne et al. identified four HLA class I alleles (B*14:01, B*57, B*58:01, and B*81) and two HLA class II alleles (DQB1*02 and DRB1*15) associated with the protection from rapid CD4+ T cell decline without controlling early plasma viral load in a Zambian early infection cohort [72]. ",Results
PMC9162874,HLA-B*57,HLA-B,HLA allele,B*57,Zambian,Protective,Progression,"Claiborne et al. identified four HLA class I alleles (B*14:01, B*57, B*58:01, and B*81) and two HLA class II alleles (DQB1*02 and DRB1*15) associated with the protection from rapid CD4+ T cell decline without controlling early plasma viral load in a Zambian early infection cohort [72]. ",Results
PMC9162874,HLA-B*58:01,HLA-B,HLA allele,B*58:01,Zambian,Protective,Progression,"Claiborne et al. identified four HLA class I alleles (B*14:01, B*57, B*58:01, and B*81) and two HLA class II alleles (DQB1*02 and DRB1*15) associated with the protection from rapid CD4+ T cell decline without controlling early plasma viral load in a Zambian early infection cohort [72]. ",Results
PMC9162874,HLA-B*81,HLA-B,HLA allele,B*81,Zambian,Protective,Progression,"Claiborne et al. identified four HLA class I alleles (B*14:01, B*57, B*58:01, and B*81) and two HLA class II alleles (DQB1*02 and DRB1*15) associated with the protection from rapid CD4+ T cell decline without controlling early plasma viral load in a Zambian early infection cohort [72]. ",Results
PMC9162874,HLA-DQB1*02,HLA-DQB1,HLA allele,DQB1*02,Zambian,Protective,Progression,"Claiborne et al. identified four HLA class I alleles (B*14:01, B*57, B*58:01, and B*81) and two HLA class II alleles (DQB1*02 and DRB1*15) associated with the protection from rapid CD4+ T cell decline without controlling early plasma viral load in a Zambian early infection cohort [72]. ",Results
PMC9162874,HLA-DRB1*15,HLA-DRB1,HLA allele,DRB1*15,Zambian,Protective,Progression,"Claiborne et al. identified four HLA class I alleles (B*14:01, B*57, B*58:01, and B*81) and two HLA class II alleles (DQB1*02 and DRB1*15) associated with the protection from rapid CD4+ T cell decline without controlling early plasma viral load in a Zambian early infection cohort [72]. ",Results
PMC9162874,HLA-B rs2395029,HLA-B,SNP,rs2395029,Caucasian,Unclear,Progression,A GWAS in HIV-1 infected Caucasian subjects showed HLA-B*57:01 rs2395029 and HLA-C rs9264942 associated with HIV-1 disease progression [73].,Results
PMC9162874,HLA-C rs9264942,HLA-C,SNP,rs9264942,Caucasian,Unclear,Progression,A GWAS in HIV-1 infected Caucasian subjects showed HLA-B*57:01 rs2395029 and HLA-C rs9264942 associated with HIV-1 disease progression [73].,Results
PMC9162874,HLA-B*52,HLA-B,HLA allele,B*52,Brazilian,Protective,Progression,"Analysis of the HLA-B allele frequencies among HIV-1-infected individuals classified as rapid progressors (RPs), typical progressors (TPs), and long-term nonprogressors (LTNPs) in the Brazilian population revealed the higher frequency of the HLA-B*52 allele in the LTNP group than in either the TP group or the RP group, and thus, the presence of the HLA-B*52 allele is favorable to slow AIDS progression [74].",Results
PMC9162874,HLA-B*27:02,HLA-B,HLA allele,B*27:02,Poland; Greece; Mexico; Germany; USA; Spain; UK,Protective,Progression,"A study involving treatment-naive patients with chronic HIV-1 infection from (i) Warsaw, Poland; (ii) Athens, Greece; (iii) Mexico City, Mexico; (iv) Bonn, Germany; (v) Boston, MA; (vi) Barcelona, Spain; and (vii) Thames Valley, UK, suggested that HLA-B*27:02 was associated with slower progression to HIV disease [75]. ",Results
PMC9162874,HLA-A*03:01,HLA-A,HLA allele,A*03:01,Mexico and Central America,Protective,Progression,"In a study among the HIV clade B-infected ART-naïve individuals from Mexico and Central America, several HLA alleles were identified as protective (A*03:01, B*15:39, B*27:05, B*39:02, B*57:01/02/03, and B*58:01) and risk (A*68:03/05, B*15:30, B*35:02, B*35:12/14, B*39:01/06, B*39:05, and B*40:01) factors for disease progression [76].",Results
PMC9162874,HLA-B*15:39,HLA-B,HLA allele,B*15:39,Mexico and Central America,Protective,Progression,"In a study among the HIV clade B-infected ART-naïve individuals from Mexico and Central America, several HLA alleles were identified as protective (A*03:01, B*15:39, B*27:05, B*39:02, B*57:01/02/03, and B*58:01) and risk (A*68:03/05, B*15:30, B*35:02, B*35:12/14, B*39:01/06, B*39:05, and B*40:01) factors for disease progression [76].",Results
PMC9162874,HLA-B*27:05,HLA-B,HLA allele,B*27:05,Mexico and Central America,Protective,Progression,"In a study among the HIV clade B-infected ART-naïve individuals from Mexico and Central America, several HLA alleles were identified as protective (A*03:01, B*15:39, B*27:05, B*39:02, B*57:01/02/03, and B*58:01) and risk (A*68:03/05, B*15:30, B*35:02, B*35:12/14, B*39:01/06, B*39:05, and B*40:01) factors for disease progression [76].",Results
PMC9162874,HLA-B*39:02,HLA-B,HLA allele,B*39:02,Mexico and Central America,Protective,Progression,"In a study among the HIV clade B-infected ART-naïve individuals from Mexico and Central America, several HLA alleles were identified as protective (A*03:01, B*15:39, B*27:05, B*39:02, B*57:01/02/03, and B*58:01) and risk (A*68:03/05, B*15:30, B*35:02, B*35:12/14, B*39:01/06, B*39:05, and B*40:01) factors for disease progression [76].",Results
PMC9162874,HLA-B*57:01,HLA-B,HLA allele,B*57:01,Mexico and Central America,Protective,Progression,"In a study among the HIV clade B-infected ART-naïve individuals from Mexico and Central America, several HLA alleles were identified as protective (A*03:01, B*15:39, B*27:05, B*39:02, B*57:01/02/03, and B*58:01) and risk (A*68:03/05, B*15:30, B*35:02, B*35:12/14, B*39:01/06, B*39:05, and B*40:01) factors for disease progression [76].",Results
PMC9162874,HLA-B*57:02,HLA-B,HLA allele,B*57:02,Mexico and Central America,Protective,Progression,"In a study among the HIV clade B-infected ART-naïve individuals from Mexico and Central America, several HLA alleles were identified as protective (A*03:01, B*15:39, B*27:05, B*39:02, B*57:01/02/03, and B*58:01) and risk (A*68:03/05, B*15:30, B*35:02, B*35:12/14, B*39:01/06, B*39:05, and B*40:01) factors for disease progression [76].",Results
PMC9162874,HLA-B*57:03,HLA-B,HLA allele,B*57:03,Mexico and Central America,Protective,Progression,"In a study among the HIV clade B-infected ART-naïve individuals from Mexico and Central America, several HLA alleles were identified as protective (A*03:01, B*15:39, B*27:05, B*39:02, B*57:01/02/03, and B*58:01) and risk (A*68:03/05, B*15:30, B*35:02, B*35:12/14, B*39:01/06, B*39:05, and B*40:01) factors for disease progression [76].",Results
PMC9162874,HLA-B*58:01,HLA-B,HLA allele,B*58:01,Mexico and Central America,Protective,Progression,"In a study among the HIV clade B-infected ART-naïve individuals from Mexico and Central America, several HLA alleles were identified as protective (A*03:01, B*15:39, B*27:05, B*39:02, B*57:01/02/03, and B*58:01) and risk (A*68:03/05, B*15:30, B*35:02, B*35:12/14, B*39:01/06, B*39:05, and B*40:01) factors for disease progression [76].",Results
PMC9162874,HLA-A*68:03,HLA-A,HLA allele,A*68:03,Mexico and Central America,Risk,Progression,"In a study among the HIV clade B-infected ART-naïve individuals from Mexico and Central America, several HLA alleles were identified as protective (A*03:01, B*15:39, B*27:05, B*39:02, B*57:01/02/03, and B*58:01) and risk (A*68:03/05, B*15:30, B*35:02, B*35:12/14, B*39:01/06, B*39:05, and B*40:01) factors for disease progression [76].",Results
PMC9162874,HLA-A*68:05,HLA-A,HLA allele,A*68:05,Mexico and Central America,Risk,Progression,"In a study among the HIV clade B-infected ART-naïve individuals from Mexico and Central America, several HLA alleles were identified as protective (A*03:01, B*15:39, B*27:05, B*39:02, B*57:01/02/03, and B*58:01) and risk (A*68:03/05, B*15:30, B*35:02, B*35:12/14, B*39:01/06, B*39:05, and B*40:01) factors for disease progression [76].",Results
PMC9162874,HLA-B*15:30,HLA-B,HLA allele,B*15:30,Mexico and Central America,Risk,Progression,"In a study among the HIV clade B-infected ART-naïve individuals from Mexico and Central America, several HLA alleles were identified as protective (A*03:01, B*15:39, B*27:05, B*39:02, B*57:01/02/03, and B*58:01) and risk (A*68:03/05, B*15:30, B*35:02, B*35:12/14, B*39:01/06, B*39:05, and B*40:01) factors for disease progression [76].",Results
PMC9162874,HLA-B*35:02,HLA-B,HLA allele,B*35:02,Mexico and Central America,Risk,Progression,"In a study among the HIV clade B-infected ART-naïve individuals from Mexico and Central America, several HLA alleles were identified as protective (A*03:01, B*15:39, B*27:05, B*39:02, B*57:01/02/03, and B*58:01) and risk (A*68:03/05, B*15:30, B*35:02, B*35:12/14, B*39:01/06, B*39:05, and B*40:01) factors for disease progression [76].",Results
PMC9162874,HLA-B*35:12,HLA-B,HLA allele,B*35:12,Mexico and Central America,Risk,Progression,"In a study among the HIV clade B-infected ART-naïve individuals from Mexico and Central America, several HLA alleles were identified as protective (A*03:01, B*15:39, B*27:05, B*39:02, B*57:01/02/03, and B*58:01) and risk (A*68:03/05, B*15:30, B*35:02, B*35:12/14, B*39:01/06, B*39:05, and B*40:01) factors for disease progression [76].",Results
PMC9162874,HLA-B*35:14,HLA-B,HLA allele,B*35:14,Mexico and Central America,Risk,Progression,"In a study among the HIV clade B-infected ART-naïve individuals from Mexico and Central America, several HLA alleles were identified as protective (A*03:01, B*15:39, B*27:05, B*39:02, B*57:01/02/03, and B*58:01) and risk (A*68:03/05, B*15:30, B*35:02, B*35:12/14, B*39:01/06, B*39:05, and B*40:01) factors for disease progression [76].",Results
PMC9162874,HLA-B*39:01,HLA-B,HLA allele,B*39:01,Mexico and Central America,Risk,Progression,"In a study among the HIV clade B-infected ART-naïve individuals from Mexico and Central America, several HLA alleles were identified as protective (A*03:01, B*15:39, B*27:05, B*39:02, B*57:01/02/03, and B*58:01) and risk (A*68:03/05, B*15:30, B*35:02, B*35:12/14, B*39:01/06, B*39:05, and B*40:01) factors for disease progression [76].",Results
PMC9162874,HLA-B*39:06,HLA-B,HLA allele,B*39:06,Mexico and Central America,Risk,Progression,"In a study among the HIV clade B-infected ART-naïve individuals from Mexico and Central America, several HLA alleles were identified as protective (A*03:01, B*15:39, B*27:05, B*39:02, B*57:01/02/03, and B*58:01) and risk (A*68:03/05, B*15:30, B*35:02, B*35:12/14, B*39:01/06, B*39:05, and B*40:01) factors for disease progression [76].",Results
PMC9162874,HLA-B*39:05,HLA-B,HLA allele,B*39:05,Mexico and Central America,Risk,Progression,"In a study among the HIV clade B-infected ART-naïve individuals from Mexico and Central America, several HLA alleles were identified as protective (A*03:01, B*15:39, B*27:05, B*39:02, B*57:01/02/03, and B*58:01) and risk (A*68:03/05, B*15:30, B*35:02, B*35:12/14, B*39:01/06, B*39:05, and B*40:01) factors for disease progression [76].",Results
PMC9162874,HLA-B*40:01,HLA-B,HLA allele,B*40:01,Mexico and Central America,Risk,Progression,"In a study among the HIV clade B-infected ART-naïve individuals from Mexico and Central America, several HLA alleles were identified as protective (A*03:01, B*15:39, B*27:05, B*39:02, B*57:01/02/03, and B*58:01) and risk (A*68:03/05, B*15:30, B*35:02, B*35:12/14, B*39:01/06, B*39:05, and B*40:01) factors for disease progression [76].",Results
PMC11546959,CCR5Δ32 homozygous,CCR5,Deletion ,Δ32/Δ32,Caucasian,Protective,Resistance,"Notably, the CCR5-Δ32 mutant allele is present at a high frequency (~0.10) in Caucasian populations, whereas it is virtually absent in Asian, Middle Eastern, and American Indian populations. Homozygous individuals for CCR5-Δ32 demonstrate significant resistance to HIV-1 infection, while heterozygous individuals exhibit a heightened resistance compared to wild-type individuals [32,33,34]. ",Introduction 
PMC11546959,CCR5Δ32  heterozygous,CCR5,Deletion ,Δ32,Caucasian,Protective,Resistance,"Notably, the CCR5-Δ32 mutant allele is present at a high frequency (~0.10) in Caucasian populations, whereas it is virtually absent in Asian, Middle Eastern, and American Indian populations. Homozygous individuals for CCR5-Δ32 demonstrate significant resistance to HIV-1 infection, while heterozygous individuals exhibit a heightened resistance compared to wild-type individuals [32,33,34]. ",Introduction 
PMC11861162,None,None,None,None,None,None,None,No human genetic factors associated with HIV found in the text.,None 
PMC11240372,None ,None,None,None,None ,None,None,No human genetic factors found in the text. The text only discusses viral genetic factors.,None 
